category,segment,rows,acc_score,mean_relative_error,mae,rmse,max_error,within_1pct,within_5pct,within_10pct
block,none,522692,63.83682118234903,0.1089428021948058,206.0340276874335,236.33833292028493,1245,0.02118455993204411,0.26988360258048716,0.616162099286004
block,one,163061,64.81256500785315,0.09940039125016298,204.0463752828696,232.80560110529638,1174,0.02013356964571541,0.24531923635939926,0.6037740477490019
block,two_plus,314247,79.18094747273395,0.05397075619176018,205.10256581606188,232.43203544110375,1080,0.03373461003605444,0.5337648410326908,0.9147676827463747
boundary_distance,0-3,150913,73.11056800121598,0.0750879465106402,199.3869447960083,225.82631576462717,1245,0.02986488904203084,0.43020813316281564,0.7873874351447523
boundary_distance,16+,482063,65.45716324721114,0.10225897207323334,209.54830385240103,240.42184593854472,1219,0.021725376143782036,0.2900471515133914,0.6459466916149964
boundary_distance,4-15,367024,71.46660971883578,0.08033532536603731,202.4708029992589,230.20033055811768,1241,0.027183508435415667,0.3925002179693971,0.7568006451894154
candidate_type,connector_remainder,504196,74.2473437010931,0.07153882369749896,161.67026116827583,183.91471204877385,1037,0.03517481296955946,0.469541606835437,0.8055537925727296
candidate_type,direct_arc,2,100.0,0.0,0.0,0.0,0.0,1.0,1.0,1.0
candidate_type,dual_primitive,74418,82.00566977787169,0.04685798404837375,130.73439221693675,149.234429922555,940,0.07620468166303851,0.6612378725577145,0.9233250020156414
candidate_type,identity,1,100.0,0.0,0.0,0.0,0.0,1.0,1.0,1.0
candidate_type,single_primitive,79227,71.27939737637612,0.0797664649621236,188.5789440468527,225.0119486675757,1025,0.018074646269579817,0.391836116475444,0.754389286480619
candidate_type,unreachable_fallback,342156,57.378237255724486,0.1292851291632885,290.0261138194274,307.18735372188235,1245,0.00033902664281789595,0.09295759828849998,0.5066051742480039
direction,E,35283,53.772963856512334,0.14437483876202215,210.21341722642632,238.5423252777144,1158,0.012243856814896693,0.12884391916787122,0.39511946263072867
direction,N,367117,72.51980060678737,0.07756878617231744,200.8614665079525,230.41000127934083,1137,0.030557015883219792,0.42744955967716014,0.7760278058493614
direction,NE,47535,64.93986365180452,0.1038804682792518,183.02034290522772,209.16555356901313,1206,0.02204691280109393,0.2740717366151257,0.633659408856632
direction,NW,49810,64.91193055826189,0.10437595708270299,188.04485043164024,219.0475277050532,1182,0.021321019875527,0.2752860871310982,0.6387673158000402
direction,S,366929,70.4567940819125,0.08358035062227596,216.7882560386342,245.06384246526162,1241,0.024146360740088683,0.36245159145229733,0.7451659585369377
direction,SE,50375,65.4370508961663,0.10214905743284448,182.28009925558314,208.21309593802994,1150,0.02646153846153846,0.2792258064516129,0.6436327543424317
direction,SW,47676,62.15381650690712,0.11287385235816277,203.56510613306486,232.37112458717388,1191,0.012354224347680175,0.1997021562211595,0.5871507676818525
direction,W,35253,52.886507997147646,0.14740460009900305,219.99452528862793,252.4427238465765,1245,0.01168694862848552,0.11369245170623776,0.3790883045414575
direction,same,22,17.45186198716325,0.574690830032489,241.36363636363637,286.6218604871075,569,0.13636363636363635,0.13636363636363635,0.13636363636363635
distance,0-16,15611,18.58855895379753,0.386142573224883,222.56178335788866,257.57871702595384,1219,0.005829222983793479,0.029594516686951507,0.06700403561591185
distance,129-256,306892,73.79582255825954,0.06898927539111288,205.93682793947056,234.350837727195,1174,0.025285768283304876,0.35954668091706526,0.8145047769247814
distance,17-48,94407,42.038513553836175,0.19224665697845747,197.35164765324606,228.40889893466195,1241,0.010878430624847734,0.07084220449754786,0.2200366498246952
distance,257+,272711,82.12146856688116,0.0457359461756727,214.97720663999618,243.46828592058185,1203,0.03908899897693896,0.6254716531419708,0.9683291103035815
distance,49-72,100220,56.95312832589774,0.12468974515969407,196.47228098183996,227.09546365098558,1181,0.015396128517262023,0.13492316902813808,0.42604270604669725
distance,73-128,210159,65.70377069759425,0.09418176783635836,198.868261649513,227.32679800107766,1245,0.01844317873609981,0.22466323117258838,0.6158289675912048
gap_count,0,15326,24.146717116854145,0.3300870912170882,227.47018139110008,261.960502943555,1219,0.007699334464309017,0.03288529296620123,0.08390969594153726
gap_count,1-2,125683,46.05908866043018,0.17735905972929292,220.15958403284455,250.82360219972657,1241,0.009364830565788532,0.07782277635002346,0.2759243493551236
gap_count,3-5,302254,65.51757083673748,0.09627563586615262,209.46595578553138,239.45795129881523,1185,0.01833557206852515,0.2322152891276873,0.634069358883588
gap_count,6+,556737,76.9769347435584,0.06046369664025947,199.28397430025308,227.12653964938386,1245,0.03254678600488202,0.4819672484494474,0.8628185301138599
primitive_decomposition,failure,993965,68.82144657195776,0.0901211444170306,205.68081169860105,234.77565023628676,1245,0.024909327793232156,0.34905051988752117,0.7081567258404471
primitive_decomposition,success,6035,68.2126692226289,0.08860700463475123,162.0019884009942,192.29668288924572,852,0.032808616404308204,0.307870753935377,0.6785418392709196
remainder,0-4,3119,37.90229883070781,0.313604800506168,192.57935235652454,235.10536613125768,1102,0.023084321898044245,0.1535748637383777,0.3106764988778455
remainder,13-32,60205,44.22684149778582,0.1964817705643184,189.27212025579271,221.51244916660116,1241,0.016975334274561913,0.1474794452288016,0.3127647205381613
remainder,33+,923000,71.02457406316312,0.07948989779186642,206.56742036836403,235.35897372869854,1245,0.02565655471289274,0.36594907908992413,0.7414810400866739
remainder,5-12,13676,35.18546928402346,0.2877678087117859,201.79131324948816,234.97167347465142,1219,0.013307984790874524,0.12233109096226967,0.27727405674173733
source_port_family,A_AQ,8,79.89461885857855,0.05375174944946423,106.25,114.69415852605572,185,0.0,0.75,0.75
source_port_family,A_AY,12335,72.32095852745428,0.07854030395733831,179.25188488042156,204.46902257244457,574,0.0465342521280908,0.4369679773003648,0.7597892176732874
source_port_family,A_BQ,12342,73.66177583485319,0.0744129177411372,169.7548209366391,194.73755737772703,510,0.05777021552422622,0.4635391346621293,0.7796143250688705
source_port_family,A_BY,12526,71.69933049496765,0.07989779086796733,184.42072489222417,209.0180932558679,589,0.03855979562509979,0.4113843206131247,0.7512374261536006
source_port_family,A_CQ,12459,72.83821720074317,0.07740937002180828,175.0637290312224,201.1735804100838,508,0.04992374989967092,0.4462637450838751,0.7690023276346416
source_port_family,A_CY,12534,71.90965030960537,0.07960783035092643,183.6094622626456,207.87885394926445,578,0.03542364767831498,0.4208552736556566,0.7563427477261848
source_port_family,A_DQ,44,76.59092839927277,0.06253603502035222,190.3409090909091,216.82518094287178,383,0.022727272727272728,0.5,0.7954545454545454
source_port_family,A_DY,12668,71.43775890286079,0.0808463928755561,184.11098831701926,207.3956633152751,498,0.027470792548152826,0.40464161667192927,0.7516577202399748
source_port_family,A_EQ,12532,72.80000416464678,0.07744271186958138,172.41015001595915,197.77791518377333,479,0.053143951484200445,0.44956910309607406,0.7629269071177784
source_port_family,A_EY,12442,71.91572142067344,0.0799141946515057,180.97958527567914,204.67321058538502,550,0.039302362964153674,0.42477093714836844,0.7526924931683009
source_port_family,A_FQ,25028,74.58922667153033,0.072137146486207,159.1075994885728,185.02718690214132,542,0.07907143998721432,0.48801342496404027,0.783642320600927
source_port_family,A_GQ,12930,74.76326379139525,0.07174020327611842,154.90781129157,180.74858517864953,466,0.0897138437741686,0.49450889404485693,0.7849961330239753
source_port_family,A_HQ,12398,74.74266591049691,0.07133677235288037,158.00959832231004,184.9666060293683,569,0.08356186481690596,0.49128891756734955,0.7835134699145023
source_port_family,A_HY,1,80.61985734600529,0.049070986183897096,309.0,309.0,309,0.0,1.0,1.0
source_port_family,S_AQ,12583,73.75781937710708,0.0741922479004819,168.5406500834459,195.0739021670598,540,0.06961773821823095,0.4626082810140666,0.7788285782404832
source_port_family,S_AY,12530,72.29411018739081,0.07845343535440193,177.52601755786114,202.9548515010303,537,0.05251396648044693,0.42585794094173984,0.7554668794892259
source_port_family,S_BQ,376,76.61022208701007,0.06415594290531129,172.73936170212767,200.0032180592166,440,0.08776595744680851,0.523936170212766,0.8457446808510638
source_port_family,S_CQ,12588,73.02328398320182,0.07660070597457432,172.70273276136004,197.28684402229433,532,0.0471083571655545,0.4530505243088656,0.7707340324118208
source_port_family,S_CY,12490,71.27281072740784,0.08188588037904111,184.20888710968774,207.0966219151025,558,0.029383506805444354,0.41048839071257004,0.7467574059247398
source_port_family,S_DQ,25270,72.80538273072071,0.07731388862861242,173.73082706766917,198.88330929533615,557,0.04800158290463,0.4468539770478829,0.7625247328848437
source_port_family,S_DY,61,75.32880694540968,0.06732211361958317,177.62295081967213,201.4171513363721,435,0.04918032786885246,0.5081967213114754,0.819672131147541
source_port_family,S_EQ,13407,72.81906214053093,0.07733204813798827,174.34004624449915,198.75899023065287,569,0.04758708137540091,0.447974938464981,0.764302230178265
source_port_family,S_FQ,24854,74.41267734691995,0.07247893742889557,159.79363482739197,185.58643771310489,500,0.07519916311257745,0.4878088034119257,0.7827713848877444
source_port_family,S_FY,12473,72.76883584413659,0.07731179738728895,171.14703760121864,194.90110947798019,490,0.05395654613966167,0.44664475266575804,0.7584382265693899
source_port_family,S_GQ,12394,74.81953637507922,0.07144469292913132,154.80902049378733,180.6690756893402,511,0.08834920122639987,0.49548168468613846,0.7869937066322414
source_port_family,S_GY,12249,73.32236253153953,0.07585130829931049,166.67074863254143,192.12011551849469,520,0.062290799248918276,0.4630582088333742,0.7648787656135194
source_port_family,S_HQ,12625,74.40159268928494,0.07251038199431753,160.7309306930693,186.60681595905396,525,0.07635643564356435,0.4852277227722772,0.7806732673267327
source_port_family,S_HY,12573,73.06903244729818,0.07683639986473684,170.49948301916805,195.4405013830241,516,0.05821999522786924,0.45009146583949733,0.7667223415254911
source_port_family,ZDE,49607,66.28587213764958,0.09795610583027446,224.50966597456005,251.47582750976028,927,0.007740843026185821,0.2917934968855202,0.6671840667647712
source_port_family,ZDN,38199,68.17172920385532,0.09128484408310528,203.789863608995,220.1825138533729,537,0.01183277049137412,0.31540092672583053,0.7059347103327313
source_port_family,ZDS,62363,68.4969197912555,0.09028577466384813,200.52507095553455,217.27182718147287,567,0.014575950483459743,0.3233808508250084,0.7102127864278498
source_port_family,ZDW,13754,66.94047807525551,0.0957906364677947,220.10600552566527,241.1916221077341,950,0.0059619019921477385,0.2902428384469972,0.6899083902864621
source_port_family,ZLE,34536,59.57830852991477,0.12723518820717286,320.04210099606206,395.4367037160547,1245,0.0070071809126708365,0.2524322446143155,0.5454308547602502
source_port_family,ZLN,12243,70.72218078651251,0.08477218213492772,189.34787225353264,223.18899162412538,640,0.028751123090745734,0.4264477660704076,0.7317650902556563
source_port_family,ZLS,60115,68.73545068485049,0.09023331627679834,205.5455377193712,232.49926797000325,626,0.009382017799218165,0.3505780587207852,0.7161939615736505
source_port_family,ZLW,46085,60.98399984340583,0.12045381148954971,292.9314961484214,346.7373384272413,1241,0.0053379624606705,0.2454160789844852,0.5692524682651622
source_port_family,ZSEA,39693,66.62303995845265,0.09651846906190018,218.37948756707732,238.4024695979307,929,0.005114251883203588,0.2852392109439952,0.6806489809286272
source_port_family,ZSEB,24607,65.58314767667464,0.09956489459150868,229.4004957938798,250.34425470738842,963,0.005404966066566424,0.25094485309058395,0.659202665908075
source_port_family,ZSNA,62119,67.6724534616306,0.0925423844097569,208.20888938971973,223.836810760029,563,0.009594487998840934,0.2994896891450281,0.6964374828957324
source_port_family,ZSNB,62188,67.49322566151538,0.0928712626602704,210.91102785103234,226.25606018272504,657,0.007622049269955618,0.28905898244034217,0.6974335884736605
source_port_family,ZSSA,65204,67.91721165881368,0.09205349154955104,206.37063677075025,222.0747155774741,558,0.011118949757683577,0.3074504631617692,0.701460033126802
source_port_family,ZSSB,3383,70.83013035204455,0.08207973335093863,210.3898906296187,225.66772271631598,507,0.010641442506650901,0.36121785397576117,0.7667750517292344
source_port_family,ZSWA,74125,66.74003653627398,0.09565745928481893,217.39410455311972,235.37539874399673,905,0.005760539629005059,0.2792715008431703,0.6819696458684654
source_port_family,ZSWB,25059,66.83448429682655,0.09538885048719481,216.71195977493116,234.2749762049652,878,0.005586815116325472,0.2821740691966958,0.6844247575721297
source_port_kind,query_input,326720,73.20594972947212,0.07604080778298458,170.3590475024486,195.69714150303366,589,0.05812928501469148,0.4550624387855044,0.7686857247796278
source_port_kind,reachable_output,673280,66.68833873728846,0.09694028318765394,222.4297498811787,251.23744459695754,1245,0.008859612642585552,0.2972374049429658,0.6785185955323194
target_port_family,A_A,16366,57.496721172897246,0.1294736628884806,288.4849077355493,305.7172215507842,1137,0.0004888182818037394,0.09220334840523035,0.5110595136258096
target_port_family,A_AD,2867,58.23031351195311,0.12462324087434289,290.759330310429,308.3745570848419,1206,0.0,0.09801185908615277,0.5130798744332055
target_port_family,A_AM,2915,58.092288720346104,0.12537390926453695,287.0689536878216,303.84332538462814,1155,0.00034305317324185246,0.10154373927958833,0.513893653516295
target_port_family,A_B,16693,57.61813857568777,0.128755101574406,288.62529203857906,306.17321310404105,1152,0.0004193374468340023,0.0980051518600611,0.5110525369915534
target_port_family,A_BD,2822,58.53878768121,0.12549647713423256,288.6757618710135,305.04233013641425,1096,0.0,0.10489014883061658,0.5308291991495393
target_port_family,A_BM,2750,58.13088386710885,0.12621823428233503,289.0767272727273,305.39985771265367,1134,0.0003636363636363636,0.09345454545454546,0.517090909090909
target_port_family,A_C,16278,57.719714732647276,0.12756880295117237,288.19523282958596,305.43191729133025,1174,0.00043002825899987715,0.10056517999754269,0.5152352868902813
target_port_family,A_CD,2887,58.229052277967206,0.12574701400628296,288.02528576376864,305.28485281423787,1107,0.00034638032559750607,0.10980256321440943,0.5185313474194666
target_port_family,A_CM,2924,58.11255183808331,0.12533618253583112,290.84233926128593,307.4383709220186,1092,0.0006839945280437756,0.08960328317373462,0.521545827633379
target_port_family,A_D,16440,57.49002888536374,0.12893847035832487,288.46812652068127,305.80102085380804,1185,0.00030413625304136254,0.09531630170316302,0.5106447688564477
target_port_family,A_DD,2895,58.036712098145074,0.12611264507580416,290.6110535405872,307.46263431934403,1125,0.0003454231433506045,0.08877374784110535,0.5295336787564767
target_port_family,A_DM,2691,57.91082376064958,0.12742522598839148,290.70159791898925,309.4522462017385,1122,0.0007432181345224824,0.10070605722779635,0.5172798216276477
target_port_family,A_E,16804,57.491924075168534,0.12861979361080156,290.78868126636513,307.9361518068665,1137,5.950964056177101e-05,0.08938348012378006,0.5104736967388717
target_port_family,A_ED,2442,55.49652037876997,0.1346625424556325,302.7542997542998,318.19742865649243,1096,0.0,0.06756756756756757,0.45659295659295657
target_port_family,A_EM,2447,55.624372267775016,0.1368378903798003,302.20351450756027,318.6987437253958,1160,0.0,0.07274213322435635,0.4711892112791173
target_port_family,A_F,16431,57.36386118864027,0.12914094749306343,290.4788509524679,307.71653555312037,1175,0.0003651634106262553,0.09147343436187694,0.5070902562229931
target_port_family,A_FD,2498,55.50747387845757,0.13659922158074692,301.6517213771017,319.5513280225773,1158,0.0,0.07405924739791833,0.455564451561249
target_port_family,A_FM,2459,55.417387641600754,0.13653460676070503,305.3558357055714,322.81567644669883,1129,0.0,0.06872712484749899,0.47214314762098414
target_port_family,A_G,16585,57.095910525251206,0.1306778630497539,292.1386192342478,309.62879318449626,1203,6.029544769369913e-05,0.0894784443774495,0.4986433524268918
target_port_family,A_GD,2552,56.10508740656228,0.13375760500486733,301.8804858934169,319.30049243163506,1133,0.0,0.07053291536050156,0.48746081504702193
target_port_family,A_GM,2391,55.39728648087694,0.13424807501229644,304.7314930991217,321.04147946164625,1074,0.0,0.05938937682977834,0.4487662066081138
target_port_family,A_H,16073,57.04385676442117,0.13062111305808288,292.3978722080508,309.8134141437403,1143,0.0002488645554656878,0.08648043302432651,0.49692030112611213
target_port_family,A_HD,2535,55.721073454058114,0.13519521345533345,303.89270216962524,321.9859553211337,1150,0.0,0.07179487179487179,0.47416173570019726
target_port_family,A_HM,2487,55.299764901490335,0.13596652703242543,303.0671491757137,319.2492311222931,1076,0.0,0.061519903498190594,0.44953759549658223
target_port_family,S_A,16139,57.109765340237416,0.13097373299321183,290.12615403680525,306.8518029897807,1174,0.00043373195365264267,0.08693227585352252,0.5065369601586219
target_port_family,S_AD,2461,55.80870418077166,0.13455280075822054,303.9886225111743,319.48769433989173,1112,0.0,0.06542056074766354,0.47013409183258836
target_port_family,S_AM,2636,56.99596347601709,0.13059692754238073,295.8395295902883,313.61978190545943,1116,0.0,0.08080424886191198,0.5026555386949925
target_port_family,S_B,16361,58.03002604460716,0.12585932275598175,287.6203777275228,303.4893348347077,1245,0.00018336287512988204,0.09485972740052565,0.5192225414094493
target_port_family,S_BD,2519,56.74103357549845,0.12904202347954258,296.2254863040889,310.3928576526504,1054,0.0,0.06947201270345375,0.48670107185391026
target_port_family,S_BM,2488,57.160381829405395,0.12986744887779125,294.85128617363347,310.23105951756196,1118,0.0,0.07194533762057878,0.4967845659163987
target_port_family,S_C,16041,57.47617091433075,0.1286179669930331,289.02886353718594,305.8311867572404,1166,0.000311701265507138,0.09213889408390998,0.5078237017642292
target_port_family,S_CD,2542,56.506324885938305,0.13269179648449753,295.14830841856804,311.83158129105516,1135,0.0,0.07828481510621557,0.5019669551534225
target_port_family,S_CM,2555,56.685580952513305,0.13034058423739617,295.71702544031314,311.6801430088036,1182,0.0,0.07671232876712329,0.4943248532289628
target_port_family,S_D,16249,57.65924094491312,0.1281021123026164,289.20456643485755,306.03677602117114,1219,0.0004923379900301558,0.09385192934949843,0.5096929041787187
target_port_family,S_DD,2561,55.55011223846211,0.1359643578510642,300.14564623194065,317.61329843204373,1148,0.0,0.06677079265911753,0.47442405310425617
target_port_family,S_DM,2533,56.48783091526934,0.1336148326421123,293.7789182787209,310.2827983034448,1083,0.00039478878799842083,0.08448480063166205,0.49388077378602446
target_port_family,S_E,15409,57.63840763250383,0.12906833396548967,285.74579791031215,303.3842308006053,1167,0.0003893828282172756,0.10188850671685379,0.5150236874553832
target_port_family,S_ED,2726,58.38991765413335,0.12606276345579145,287.8118121790169,304.2682904771302,1108,0.0,0.1045487894350697,0.5407190022010272
target_port_family,S_EM,2655,57.58277975275065,0.12873327505433935,285.3853107344633,302.97467838728613,1097,0.0003766478342749529,0.10094161958568738,0.5020715630885122
target_port_family,S_F,15389,57.32439857225917,0.13004515930506233,286.7982974852167,304.607543791377,1241,0.0007147962830593281,0.10098122035219963,0.5020469166287608
target_port_family,S_FD,2798,58.17686084840089,0.1265137619208389,289.01644031451036,307.80762258792566,1117,0.00035739814152966406,0.10614724803431022,0.5293066476054324
target_port_family,S_FM,2664,57.87473128064832,0.12824733107431016,285.29542042042044,302.4632736497225,1063,0.0015015015015015015,0.10172672672672672,0.5180180180180181
target_port_family,S_G,15291,57.4129148274259,0.1294599206154222,285.6672552481852,304.1868836624452,1158,0.0007193774115492774,0.10476751030017657,0.5085344320188346
target_port_family,S_GD,2787,58.041946964149226,0.12611688769358986,285.9763186221744,301.4403159553208,1070,0.0003588087549336204,0.10800143523501973,0.5166846071044133
target_port_family,S_GM,2718,58.24148147449274,0.12575243095160835,285.71927888153056,301.0934054052224,968,0.0007358351729212656,0.10706401766004416,0.5213392200147167
target_port_family,S_H,14948,57.33844401042156,0.13008538674982847,286.6039603960396,304.0115072185159,1127,0.000602087235750602,0.10061546695210062,0.5076933369012577
target_port_family,S_HD,2799,58.47094633688864,0.124624988114192,287.5108967488389,303.16538051976664,1093,0.0,0.10039299749910682,0.5305466237942122
target_port_family,S_HM,2657,57.86646408846474,0.12802831961056427,284.8663906661649,302.9153838457495,1164,0.0003763643206624012,0.11253293187805796,0.5163718479488144
target_port_family,ZDE,21679,74.87657952881305,0.07004033507658904,156.14894598459338,179.89672132289678,980,0.03930070575211034,0.49204299091286496,0.8159047926564879
target_port_family,ZDN,28020,75.6078433635322,0.06766704011788345,150.87498215560313,175.64337032842525,955,0.043219129193433264,0.5151677373304783,0.8233761598857958
target_port_family,ZDS,33483,75.77105988939947,0.06665139301754514,151.49392228892273,175.31384625393773,902,0.03990084520502942,0.5077800674969387,0.8308992623122181
target_port_family,ZDW,21666,74.93223661957109,0.06990440593251923,156.5261700360011,179.80780635464217,939,0.03895504477060833,0.49432290224314596,0.8151020031385581
target_port_family,ZLE,53430,72.25245123269013,0.0776858866939994,183.71491671345686,208.59201892085198,1037,0.03215422047538836,0.4139060452929066,0.7690810406138874
target_port_family,ZLN,64333,70.88846325768016,0.08133800080522101,193.63950072280167,214.67553026178294,980,0.013647739107456515,0.37633873750641195,0.7561127259726734
target_port_family,ZLS,67081,71.75037670153725,0.07845382915314719,187.83224758128233,207.71942948120775,1001,0.015205497830980456,0.39321119243899166,0.772305123656475
target_port_family,ZLW,56888,72.24979389732438,0.0772576040809938,185.44153424272255,208.58693770750986,1025,0.02585782590352974,0.4075727745746027,0.7771410490788918
target_port_family,ZSEA,24507,76.16866769217238,0.0658310257318541,147.14840657771248,171.715320289425,1023,0.05100583506753172,0.5214020483943363,0.8320071816215775
target_port_family,ZSEB,26045,75.76297261622427,0.06682446002399335,149.08462276828567,172.44812029901365,886,0.042503359569975044,0.5100787099251296,0.8285275484737954
target_port_family,ZSNA,52885,78.34318999725981,0.05896072494141335,135.04216696605843,159.80924178546553,980,0.05353124704547603,0.5876335444833128,0.8636286281554316
target_port_family,ZSNB,47381,77.08144169728686,0.06260508455125594,140.72689474683946,165.69599654849154,971,0.052320550431607604,0.5463582448660855,0.8427006606023512
target_port_family,ZSSA,50682,76.53280633524368,0.06417721729254679,143.2343830156663,167.50647115892338,957,0.05017560475119372,0.523282427686358,0.8396472120279389
target_port_family,ZSSB,47049,76.33967287495592,0.06484854311246507,145.4475121681651,169.4268249126411,980,0.04707857765308508,0.5205424132287615,0.8362345639652278
target_port_family,ZSWA,31340,76.93160430939847,0.06330367494554871,146.98934269304402,171.71524974287095,915,0.05596681557115507,0.5447032546266751,0.8421506062539885
target_port_family,ZSWB,31373,77.1983812823682,0.06210963887871081,149.05029802696586,171.50978638995167,965,0.0423931405986039,0.5476365027252733,0.8537277276639148
target_port_kind,logic_output,342158,57.378486390701575,0.1292843734590281,290.0244185434799,307.186455926704,1245,0.0003448699138994266,0.09296290018061831,0.5066080582654797
target_port_kind,reachable_output,657842,74.76759534080189,0.06973760253898087,161.41115191793773,185.8535970354408,1037,0.037758306705865545,0.48186950665965383,0.8127149072269633
