primitive_id,entry_state_class,exit_state_class,net_displacement_x,net_displacement_y,total_delay,number_of_edges,direction,direction_bin,delay_per_euclidean_unit,path_classes
0,0,0,-120,0,1500,12,W,0,12.50000000,0;0;0;0;0;0;0;0;0;0;0;0;0
1,0,0,-110,0,1375,11,W,0,12.50000000,0;0;0;0;0;0;0;0;0;0;0;0
2,0,0,-100,0,1250,10,W,0,12.50000000,0;0;0;0;0;0;0;0;0;0;0
3,0,0,-90,0,1125,9,W,0,12.50000000,0;0;0;0;0;0;0;0;0;0
4,0,0,-80,0,1000,8,W,0,12.50000000,0;0;0;0;0;0;0;0;0
5,0,0,-70,0,875,7,W,0,12.50000000,0;0;0;0;0;0;0;0
6,0,0,-60,0,750,6,W,0,12.50000000,0;0;0;0;0;0;0
7,0,0,-50,0,625,5,W,0,12.50000000,0;0;0;0;0;0
8,0,0,-40,0,500,4,W,0,12.50000000,0;0;0;0;0
9,0,0,-30,0,375,3,W,0,12.50000000,0;0;0;0
10,0,0,-20,0,250,2,W,0,12.50000000,0;0;0
11,0,0,-10,0,125,1,W,0,12.50000000,0;0
12,0,0,-124,0,1575,13,W,0,12.70161290,0;0;0;0;0;0;0;0;0;1;0;0;0;0
13,0,0,-114,0,1450,12,W,0,12.71929825,0;0;0;0;0;0;0;0;0;1;0;0;0
14,0,0,-104,0,1325,11,W,0,12.74038462,0;0;0;0;0;0;0;0;0;1;0;0
15,0,0,-94,0,1200,10,W,0,12.76595745,0;0;0;0;0;0;0;0;0;1;0
16,0,0,-84,0,1075,9,W,0,12.79761905,0;0;0;0;0;0;0;0;1;0
17,0,0,-74,0,950,8,W,0,12.83783784,0;0;0;0;0;0;1;0;0
18,0,0,-120,2,1547,13,NW,0,12.88987653,0;0;0;0;0;0;0;0;0;9;0;0;0;0
19,9,9,-120,2,1547,13,NW,0,12.88987653,9;0;0;0;0;0;0;0;0;0;0;0;0;9
20,0,0,-64,0,825,7,W,0,12.89062500,0;0;0;0;0;0;1;0
21,0,0,-54,0,700,6,W,0,12.96296296,0;0;0;0;0;1;0
22,0,0,-44,0,575,5,W,0,13.06818182,0;0;0;0;1;0
23,0,0,-24,0,325,3,W,0,13.54166667,0;0;1;0
24,0,0,-30,2,422,4,NW,0,14.03551122,0;0;0;9;0
25,9,9,-30,2,422,4,NW,0,14.03551122,9;0;0;0;9
26,0,0,-28,0,400,4,W,0,14.28571429,0;1;0;1;0
27,0,0,-14,0,200,2,W,0,14.28571429,0;1;0
28,1,1,-14,0,200,2,W,0,14.28571429,1;0;1
29,0,0,-15,0,252,3,W,0,16.80000000,0;3;1;0
30,1,1,-15,0,252,3,W,0,16.80000000,1;0;3;1
31,3,3,-15,0,252,3,W,0,16.80000000,3;1;0;3
32,0,0,-120,-24,1751,14,SW,1,14.30830636,0;0;0;0;0;0;0;0;0;0;0;0;4;4;0
33,0,0,-60,-12,876,7,SW,1,14.31647787,0;0;0;0;0;0;4;0
34,0,0,-110,-24,1626,13,SW,1,14.44206935,0;0;0;0;0;0;0;0;0;0;0;4;4;0
35,0,0,-114,-24,1699,14,SW,1,14.58382530,0;0;0;0;0;0;0;0;0;4;4;1;0;0;0
36,0,0,-100,-24,1501,12,SW,1,14.59553340,0;0;0;0;0;0;0;0;0;0;4;4;0
37,0,0,-50,-12,751,6,SW,1,14.60525728,0;0;0;0;0;4;0
38,0,0,-112,-24,1682,14,SW,1,14.68449697,0;0;0;0;0;0;0;0;0;0;0;2;4;4;0
39,0,0,-118,-24,1774,15,SW,1,14.73226813,0;0;0;0;0;0;1;0;0;4;4;1;0;0;0;0
40,0,0,-104,-24,1574,13,SW,1,14.74703598,0;0;0;0;0;0;0;0;0;4;4;1;0;0
41,0,0,-90,-24,1376,11,SW,1,14.77265863,0;0;0;0;0;0;0;0;0;4;4;0
42,0,0,-124,-25,1872,16,SW,1,14.79899699,0;0;0;0;0;0;0;0;0;7;1;0;0;0;4;4;0
43,0,0,-80,-16,1211,10,SW,1,14.84353998,0;0;0;0;0;0;0;0;4;5;0
44,0,0,-54,-12,824,7,SW,1,14.89589144,0;0;0;0;0;4;1;0
45,0,0,-80,-24,1251,10,SW,1,14.97800854,0;0;0;0;0;0;0;0;4;4;0
46,0,0,-40,-12,626,5,SW,1,14.98998136,0;0;0;0;4;0
47,0,0,-92,-24,1432,12,SW,1,15.06117320,0;0;0;0;0;0;0;0;0;2;4;4;0
48,2,2,-92,-24,1432,12,SW,1,15.06117320,2;4;4;0;0;0;0;0;0;0;0;0;2
49,0,0,-52,-12,807,7,SW,1,15.12180183,0;0;0;0;0;2;4;0
50,2,2,-52,-12,807,7,SW,1,15.12180183,2;4;0;0;0;0;0;2
51,0,0,-70,-16,1086,9,SW,1,15.12423340,0;0;0;0;0;0;0;4;5;0
52,0,0,-20,-12,376,3,SW,1,16.12086700,0;0;4;0
53,4,4,-20,-12,376,3,SW,1,16.12086700,4;0;0;4
54,0,0,-20,-4,337,3,SW,1,16.52278439,0;0;5;0
55,0,0,-24,-12,449,4,SW,1,16.73324203,0;0;4;1;0
56,1,1,-24,-12,449,4,SW,1,16.73324203,1;0;0;4;1
57,4,4,-24,-12,449,4,SW,1,16.73324203,4;1;0;0;4
58,0,0,-10,-4,212,2,SW,1,19.68370585,0;5;0
59,5,5,-10,-4,212,2,SW,1,19.68370585,5;0;5
60,0,0,-14,-4,292,3,SW,1,20.05464234,0;5;1;0
61,1,1,-14,-4,292,3,SW,1,20.05464234,1;0;5;1
62,5,5,-14,-4,292,3,SW,1,20.05464234,5;1;0;5
63,0,0,-14,-3,301,4,SW,1,21.02275190,0;6;7;1;0
64,0,0,-50,-72,1376,11,SW,2,15.69729268,0;0;0;0;4;4;4;4;4;4;0;0
65,4,4,-60,-84,1626,13,SW,2,15.75155505,4;4;4;4;4;4;4;0;0;0;0;0;0;4
66,4,4,-70,-96,1876,15,SW,2,15.78981382,4;4;4;4;4;4;4;0;0;0;0;0;0;0;4;4
67,0,0,-80,-96,2001,16,SW,2,16.01261230,0;0;0;0;0;0;0;0;4;4;4;4;4;4;4;4;0
68,0,0,-70,-84,1751,14,SW,2,16.01375548,0;0;0;0;0;0;0;4;4;4;4;4;4;4;0
69,0,0,-60,-72,1501,12,SW,2,16.01527973,0;0;0;0;0;0;4;4;4;4;4;4;0
70,0,0,-50,-60,1251,10,SW,2,16.01741368,0;0;0;0;0;4;4;4;4;4;0
71,0,0,-40,-48,1001,8,SW,2,16.02061460,0;0;0;0;4;4;4;4;0
72,0,0,-30,-36,751,6,SW,2,16.02594947,0;0;0;4;4;4;0
73,0,0,-20,-24,501,4,SW,2,16.03661921,0;0;4;4;0
74,4,4,-20,-24,501,4,SW,2,16.03661921,4;0;0;4;4
75,5,5,-60,-88,1711,14,SW,2,16.06448845,5;0;0;0;0;0;0;4;4;4;4;4;4;4;5
76,5,5,-70,-100,1961,16,SW,2,16.06513796,5;0;0;0;0;0;0;0;4;4;4;4;4;4;4;4;5
77,0,0,-10,-12,251,2,SW,2,16.06862843,0;4;0
78,4,4,-10,-12,251,2,SW,2,16.06862843,4;0;4
79,1,1,-74,-96,1949,16,SW,2,16.07945702,1;0;0;0;0;0;0;0;4;4;4;4;4;4;4;4;1
80,1,1,-64,-84,1699,14,SW,2,16.08855348,1;0;0;0;0;0;0;4;4;4;4;4;4;4;1
81,1,1,-54,-72,1449,12,SW,2,16.10000000,1;0;0;0;0;0;4;4;4;4;4;4;1
82,1,1,-44,-60,1199,10,SW,2,16.11465983,1;0;0;0;0;4;4;4;4;4;1
83,0,0,-52,-72,1432,12,SW,2,16.12350910,0;0;0;0;0;2;4;4;4;4;4;4;0
84,0,0,-34,-48,949,8,SW,2,16.13348401,0;0;0;4;4;4;4;1;0
85,0,0,-50,-36,1001,8,SW,2,16.24691752,0;0;0;0;0;4;4;4;0
86,0,0,-40,-36,876,7,SW,2,16.27814180,0;0;0;0;4;4;4;0
87,0,0,-30,-24,626,5,SW,2,16.29412916,0;0;0;4;4;0
88,0,0,-14,-12,324,3,SW,2,17.57136708,0;4;1;0
89,1,1,-14,-12,324,3,SW,2,17.57136708,1;0;4;1
90,0,0,-18,-24,535,5,SW,2,17.83333333,0;4;4;1;1;0
91,0,0,-20,-16,461,4,SW,2,17.99902606,0;0;4;5;0
92,1,1,-10,-12,356,4,SW,2,22.79056463,1;1;2;4;1
93,2,2,-10,-12,356,4,SW,2,22.79056463,2;4;1;1;2
94,0,0,-11,-10,347,4,SW,2,23.34174595,0;4;3;9;0
95,3,3,-11,-10,347,4,SW,2,23.34174595,3;9;0;4;3
96,0,0,-20,-96,1251,10,SW,3,12.75733859,0;4;4;4;4;4;4;4;4;0;0
97,0,0,-10,-48,626,5,SW,3,12.76753631,0;4;4;4;4;0
98,0,0,-24,-120,1574,13,SW,3,12.86194986,0;4;4;4;4;4;4;4;4;4;4;1;0;0
99,0,0,-22,-108,1432,12,SW,3,12.99243720,0;2;4;4;4;4;4;4;4;4;4;0;0
100,0,0,-20,-84,1126,9,SW,3,13.04023569,0;0;4;4;4;4;4;4;4;0
101,0,0,-24,-108,1449,12,SW,3,13.09717639,0;4;4;4;4;4;4;4;4;4;1;0;0
102,0,0,-20,-100,1336,11,SW,3,13.10055783,0;4;4;4;4;4;4;4;4;5;0;0
103,4,4,-30,-120,1626,13,SW,3,13.14543088,4;4;4;4;4;4;0;0;0;4;4;4;4;4
104,0,0,-12,-60,807,7,SW,3,13.18881009,0;2;4;4;4;4;4;0
105,4,4,-22,-110,1488,13,SW,3,13.26458223,4;0;0;4;4;4;4;4;4;4;6;2;4;4
106,6,6,-22,-110,1488,13,SW,3,13.26458223,6;2;4;4;4;4;0;0;4;4;4;4;4;6
107,0,0,-14,-60,824,7,SW,3,13.37408595,0;4;4;4;4;4;1;0
108,0,0,-20,-72,1001,8,SW,3,13.39557538,0;0;4;4;4;4;4;4;0
109,0,0,-10,-36,501,4,SW,3,13.40895758,0;4;4;4;0
110,0,0,-20,-88,1211,10,SW,3,13.41915782,0;4;4;4;4;4;4;4;5;0;0
111,5,5,-20,-88,1211,10,SW,3,13.41915782,5;0;0;4;4;4;4;4;4;4;5
112,0,0,-18,-84,1160,10,SW,3,13.50298572,0;4;4;4;4;4;4;4;1;1;0
113,0,0,-15,-72,1001,9,SW,3,13.61054722,0;4;4;4;4;4;4;3;1;0
114,0,0,-12,-48,682,6,SW,3,13.78410802,0;2;4;4;4;4;0
115,0,0,-14,-62,880,8,SW,3,13.84496906,0;4;4;4;4;4;6;1;0
116,0,0,-10,-24,376,3,SW,3,14.46153846,0;4;4;0
117,0,0,-10,-28,461,4,SW,3,15.50510790,0;4;4;5;0
118,5,5,-10,-28,461,4,SW,3,15.50510790,5;0;4;4;5
119,1,1,-6,-24,395,4,SW,3,15.96692865,1;2;4;4;1
120,0,0,-12,-24,432,4,SW,3,16.09968944,0;2;4;4;0
121,0,0,-14,-24,449,4,SW,3,16.15986360,0;4;4;1;0
122,2,2,-3,-12,237,3,SW,3,19.16031438,2;4;3;2
123,3,3,-3,-12,237,3,SW,3,19.16031438,3;2;4;3
124,4,4,-3,-12,237,3,SW,3,19.16031438,4;3;2;4
125,1,1,-6,-12,270,3,SW,3,20.12461180,1;2;4;1
126,2,2,-6,-12,270,3,SW,3,20.12461180,2;4;1;2
127,4,4,-6,-12,270,3,SW,3,20.12461180,4;1;2;4
128,4,4,0,-120,1250,10,S,4,10.41666667,4;4;4;4;4;4;4;4;4;4;4
129,4,4,0,-108,1125,9,S,4,10.41666667,4;4;4;4;4;4;4;4;4;4
130,4,4,0,-96,1000,8,S,4,10.41666667,4;4;4;4;4;4;4;4;4
131,4,4,0,-84,875,7,S,4,10.41666667,4;4;4;4;4;4;4;4
132,4,4,0,-72,750,6,S,4,10.41666667,4;4;4;4;4;4;4
133,4,4,0,-60,625,5,S,4,10.41666667,4;4;4;4;4;4
134,4,4,0,-48,500,4,S,4,10.41666667,4;4;4;4;4
135,4,4,0,-36,375,3,S,4,10.41666667,4;4;4;4
136,4,4,0,-24,250,2,S,4,10.41666667,4;4;4
137,4,4,0,-12,125,1,S,4,10.41666667,4;4
138,4,4,0,-124,1336,11,S,4,10.77419355,4;4;4;4;4;4;5;4;4;4;4;4
139,4,4,0,-112,1211,10,S,4,10.81250000,4;4;4;4;4;4;5;4;4;4;4
140,4,4,0,-100,1086,9,S,4,10.86000000,4;4;4;4;4;4;5;4;4;4
141,2,2,-2,-120,1310,11,SW,4,10.91515078,2;4;4;4;4;4;4;4;4;4;4;2
142,4,4,0,-88,961,8,S,4,10.92045455,4;4;4;4;4;4;5;4;4
143,2,2,-2,-108,1185,10,SW,4,10.97034132,2;4;4;4;4;4;4;4;4;4;2
144,4,4,0,-76,836,7,S,4,11.00000000,4;4;4;4;4;4;5;4
145,4,4,0,-126,1390,12,S,4,11.03174603,4;4;4;4;4;4;6;5;4;4;4;4;4
146,4,4,0,-64,711,6,S,4,11.10937500,4;4;4;4;4;5;4
147,2,2,-2,-84,935,8,SW,4,11.12779869,2;4;4;4;4;4;4;4;2
148,4,4,0,-52,586,5,S,4,11.26923077,4;4;4;4;5;4
149,2,2,-2,-60,685,6,SW,4,11.41032935,2;4;4;4;4;4;2
150,4,4,0,-28,336,3,S,4,12.00000000,4;4;5;4
151,5,5,0,-28,336,3,S,4,12.00000000,5;4;4;5
152,2,2,-2,-24,310,3,SW,4,12.87204938,2;4;4;2
153,4,4,0,-30,390,4,S,4,13.00000000,4;4;6;5;4
154,6,6,0,-30,390,4,S,4,13.00000000,6;5;4;4;6
155,4,4,0,-16,211,2,S,4,13.18750000,4;5;4
156,5,5,0,-16,211,2,S,4,13.18750000,5;4;5
157,2,2,-2,-12,185,2,SW,4,15.20690633,2;4;2
158,2,2,-2,-14,237,3,SW,4,16.75843071,2;4;6;2
159,6,6,-2,-14,237,3,SW,4,16.75843071,6;2;4;6
160,4,4,10,-48,625,5,SE,5,12.74714088,4;4;4;4;15;4
161,4,4,20,-96,1250,10,SE,5,12.74714088,4;4;4;4;4;15;4;4;4;15;4
162,4,4,24,-120,1573,13,SE,5,12.85377836,4;4;4;4;4;4;4;4;4;15;15;14;4;4
163,4,4,20,-98,1290,11,SE,5,12.89742077,4;4;4;4;4;15;4;4;4;6;15;4
164,4,4,20,-84,1125,9,SE,5,13.02865466,4;4;4;4;4;15;4;4;15;4
165,4,4,10,-50,665,6,SE,5,13.04172299,4;4;4;4;6;15;4
166,4,4,20,-100,1330,12,SE,5,13.04172299,4;4;4;6;15;4;6;15;4;4;4;4;4
167,4,4,24,-108,1448,12,SE,5,13.08813762,4;4;4;4;4;4;4;4;4;15;15;14;4
168,5,5,20,-100,1336,11,SE,5,13.10055783,5;4;4;4;4;15;4;4;4;15;4;5
169,4,4,30,-120,1625,13,SE,5,13.13734636,4;4;4;4;4;4;4;4;4;15;15;15;4;4
170,4,4,20,-86,1165,10,SE,5,13.19441106,4;4;4;4;4;6;15;4;15;4;4
171,4,4,24,-110,1488,13,SE,5,13.21635866,4;4;4;4;4;4;4;4;4;6;15;15;14;4
172,4,4,20,-88,1205,11,SE,5,13.35267149,4;4;4;6;15;4;6;15;4;4;4;4
173,4,4,14,-60,823,7,SE,5,13.35785526,4;4;4;4;4;15;14;4
174,4,4,18,-84,1148,10,SE,5,13.36329966,4;4;4;4;4;14;4;15;14;4;4
175,4,4,10,-36,500,4,SE,5,13.38219319,4;4;4;15;4
176,4,4,20,-72,1000,8,SE,5,13.38219319,4;4;4;4;4;15;4;15;4
177,5,5,20,-88,1211,10,SE,5,13.41915782,5;4;4;4;4;15;4;4;15;4;5
178,4,4,14,-62,863,8,SE,5,13.57750943,4;4;4;4;4;6;15;14;4
179,4,4,10,-38,540,5,SE,5,13.74263816,4;4;4;6;15;4
180,4,4,10,-24,375,3,SE,5,14.42307692,4;4;15;4
181,15,15,10,-24,375,3,SE,5,14.42307692,15;4;4;15
182,4,4,10,-26,415,4,SE,5,14.89763179,4;4;6;15;4
183,6,6,10,-26,415,4,SE,5,14.89763179,6;15;4;4;6
184,15,15,10,-26,415,4,SE,5,14.89763179,15;4;4;6;15
185,4,4,5,-24,378,4,SE,5,15.41894161,4;4;12;14;4
186,4,4,4,-12,200,2,SE,5,15.81138830,4;14;4
187,14,14,4,-12,200,2,SE,5,15.81138830,14;4;14
188,4,4,4,-14,253,3,SE,5,17.37611134,4;6;14;4
189,6,6,4,-14,253,3,SE,5,17.37611134,6;14;4;6
190,14,14,4,-14,253,3,SE,5,17.37611134,14;4;6;14
191,4,4,4,-13,250,3,SE,5,18.38036555,4;7;14;4
192,4,4,50,-72,1375,11,SE,6,15.68588476,4;4;4;4;4;15;15;15;15;4;15;4
193,4,4,60,-84,1625,13,SE,6,15.74186775,4;4;4;4;4;15;4;15;15;4;15;15;15;4
194,4,4,70,-96,1875,15,SE,6,15.78139707,4;4;4;4;4;15;4;15;15;4;15;15;15;4;15;4
195,4,4,50,-74,1415,12,SE,6,15.84396474,4;4;4;4;6;15;15;15;15;15;4;4;4
196,4,4,60,-86,1665,14,SE,6,15.87803929,4;4;4;4;6;15;15;15;15;15;4;15;4;4;4
197,4,4,70,-98,1915,16,SE,6,15.90101630,4;4;4;4;6;15;15;15;15;15;4;15;4;4;4;15;4
198,4,4,10,-12,250,2,SE,6,16.00460999,4;15;4
199,4,4,20,-24,500,4,SE,6,16.00460999,4;4;15;15;4
200,4,4,30,-36,750,6,SE,6,16.00460999,4;4;4;15;15;15;4
201,4,4,40,-48,1000,8,SE,6,16.00460999,4;4;4;4;15;15;15;15;4
202,4,4,50,-60,1250,10,SE,6,16.00460999,4;4;4;4;4;15;15;15;15;15;4
203,4,4,60,-72,1500,12,SE,6,16.00460999,4;4;4;4;4;15;15;15;15;4;15;15;4
204,4,4,70,-84,1750,14,SE,6,16.00460999,4;4;4;4;4;15;15;15;15;4;15;15;15;4;4
205,4,4,80,-96,2000,16,SE,6,16.00460999,4;4;4;4;4;15;4;15;15;4;15;15;15;4;15;15;4
206,15,15,10,-12,250,2,SE,6,16.00460999,15;4;15
207,15,15,20,-24,500,4,SE,6,16.00460999,15;4;4;15;15
208,4,4,60,-88,1705,15,SE,6,16.00815477,4;4;4;6;15;4;6;15;15;15;4;15;15;4;4;4
209,5,5,60,-88,1711,14,SE,6,16.06448845,5;4;4;4;4;15;4;15;15;4;15;15;15;4;5
210,4,4,54,-72,1448,12,SE,6,16.08888889,4;4;4;4;4;15;4;15;15;15;14;15;4
211,4,4,44,-60,1198,10,SE,6,16.10121975,4;4;4;4;4;15;15;15;14;15;4
212,4,4,34,-48,948,8,SE,6,16.11648350,4;4;4;4;15;14;15;15;4
213,14,14,34,-48,948,8,SE,6,16.11648350,14;4;4;4;4;15;15;15;14
214,4,4,50,-36,1000,8,SE,6,16.23068683,4;4;4;15;15;15;15;15;4
215,4,4,40,-36,875,7,SE,6,16.25955945,4;4;4;15;15;15;15;4
216,4,4,10,-14,290,3,SE,6,16.85590762,4;6;15;4
217,6,6,10,-14,290,3,SE,6,16.85590762,6;15;4;6
218,4,4,20,-14,415,4,SE,6,16.99906235,4;6;15;15;4
219,6,6,20,-14,415,4,SE,6,16.99906235,6;15;15;4;6
220,4,4,9,-12,339,4,SE,6,22.60000000,4;12;14;14;4
221,12,12,9,-12,339,4,SE,6,22.60000000,12;14;14;4;12
222,14,14,9,-12,339,4,SE,6,22.60000000,14;4;12;14;14
223,13,13,10,-12,362,4,SE,6,23.17467527,13;14;4;14;13
224,4,4,60,-12,875,7,SE,7,14.30013485,4;15;15;15;15;15;15;4
225,4,4,120,-24,1750,14,SE,7,14.30013485,4;15;15;15;15;15;15;15;15;15;15;15;15;4;4
226,4,4,110,-24,1625,13,SE,7,14.43318738,4;15;15;15;15;15;15;15;15;15;15;15;4;4
227,4,4,70,-14,1040,9,SE,7,14.56862718,4;6;15;15;15;15;15;15;15;4
228,4,4,114,-24,1698,14,SE,7,14.57524153,4;15;15;15;15;15;15;15;14;15;15;15;15;4;4
229,4,4,120,-26,1790,15,SE,7,14.57840351,4;6;15;15;15;15;15;15;15;15;15;15;15;15;4;4
230,4,4,50,-12,750,6,SE,7,14.58580953,4;15;15;15;15;15;4
231,4,4,100,-24,1500,12,SE,7,14.58580953,4;15;15;15;15;15;15;15;15;15;15;4;4
232,4,4,124,-26,1863,16,SE,7,14.70443288,4;6;15;14;15;15;15;15;15;15;15;15;15;15;15;4;4
233,4,4,118,-24,1771,15,SE,7,14.70735448,4;15;14;15;14;15;15;15;15;15;15;15;15;15;4;4
234,4,4,110,-26,1665,14,SE,7,14.73047618,4;6;15;15;15;15;15;15;15;15;15;15;15;4;4
235,4,4,90,-24,1375,11,SE,7,14.76192269,4;4;15;15;15;15;15;15;15;15;15;4
236,6,6,80,-16,1209,11,SE,7,14.81902546,6;15;6;15;15;15;15;15;15;15;4;6
237,4,4,60,-14,915,8,SE,7,14.85107845,4;6;15;15;15;15;15;15;4
238,4,4,54,-12,823,7,SE,7,14.87781390,4;15;14;15;15;15;15;4
239,4,4,40,-12,625,5,SE,7,14.96603571,4;15;15;15;15;4
240,4,4,80,-24,1250,10,SE,7,14.96603571,4;4;15;15;15;15;15;15;15;15;4
241,15,15,90,-18,1378,13,SE,7,15.01377968,15;4;6;15;6;15;6;15;15;15;15;15;15;15
242,4,4,64,-14,988,9,SE,7,15.08089402,4;6;15;14;15;15;15;15;15;4
243,4,4,58,-12,896,8,SE,7,15.12788510,4;15;14;15;14;15;15;15;4
244,4,4,20,-12,375,3,SE,7,16.07799236,4;15;15;4
245,6,6,10,-2,169,2,SE,7,16.57181342,6;15;6
246,6,6,20,-4,338,4,SE,7,16.57181342,6;15;6;15;6
247,6,6,30,-6,507,6,SE,7,16.57181342,6;15;6;15;6;15;6
248,15,15,10,-2,169,2,SE,7,16.57181342,15;6;15
249,4,4,24,-12,448,4,SE,7,16.69597423,4;15;14;15;4
250,14,14,24,-12,448,4,SE,7,16.69597423,14;4;15;15;14
251,5,5,30,-6,513,5,SE,7,16.76792955,5;6;15;15;15;5
252,5,5,14,-4,295,3,SE,7,20.26068318,5;14;15;5
253,14,14,14,-4,295,3,SE,7,20.26068318,14;15;5;14
254,15,15,14,-4,295,3,SE,7,20.26068318,15;5;14;15
255,6,6,10,-4,223,3,SE,7,20.70503021,6;6;15;6
256,15,15,10,0,125,1,E,8,12.50000000,15;15
257,15,15,20,0,250,2,E,8,12.50000000,15;15;15
258,15,15,30,0,375,3,E,8,12.50000000,15;15;15;15
259,15,15,40,0,500,4,E,8,12.50000000,15;15;15;15;15
260,15,15,50,0,625,5,E,8,12.50000000,15;15;15;15;15;15
261,15,15,60,0,750,6,E,8,12.50000000,15;15;15;15;15;15;15
262,15,15,70,0,875,7,E,8,12.50000000,15;15;15;15;15;15;15;15
263,15,15,80,0,1000,8,E,8,12.50000000,15;15;15;15;15;15;15;15;15
264,15,15,90,0,1125,9,E,8,12.50000000,15;15;15;15;15;15;15;15;15;15
265,15,15,100,0,1250,10,E,8,12.50000000,15;15;15;15;15;15;15;15;15;15;15
266,15,15,110,0,1375,11,E,8,12.50000000,15;15;15;15;15;15;15;15;15;15;15;15
267,15,15,120,0,1500,12,E,8,12.50000000,15;15;15;15;15;15;15;15;15;15;15;15;15
268,14,14,124,0,1573,13,E,8,12.68548387,14;15;15;15;15;15;15;15;15;15;15;15;15;14
269,14,14,114,0,1448,12,E,8,12.70175439,14;15;15;15;15;15;15;15;15;15;15;15;14
270,14,14,104,0,1323,11,E,8,12.72115385,14;15;15;15;15;15;15;15;15;15;15;14
271,14,14,94,0,1198,10,E,8,12.74468085,14;15;15;15;15;15;15;15;15;15;14
272,14,14,84,0,1073,9,E,8,12.77380952,14;15;15;15;15;15;15;15;15;14
273,14,14,74,0,948,8,E,8,12.81081081,14;15;15;15;15;15;15;15;14
274,14,14,64,0,823,7,E,8,12.85937500,14;15;15;15;15;15;15;14
275,14,14,128,0,1646,14,E,8,12.85937500,14;15;15;15;15;15;15;15;14;15;15;15;15;15;14
276,6,6,120,-2,1544,13,SE,8,12.86488000,6;15;15;15;15;15;15;15;15;15;15;15;15;6
277,14,14,54,0,698,6,E,8,12.92592593,14;15;15;15;15;15;14
278,14,14,44,0,573,5,E,8,13.02272727,14;15;15;15;15;14
279,14,14,24,0,323,3,E,8,13.45833333,14;15;15;14
280,6,6,30,-2,419,4,SE,8,13.93573270,6;15;15;15;6
281,14,14,14,0,198,2,E,8,14.14285714,14;15;14
282,14,14,28,0,396,4,E,8,14.14285714,14;15;14;15;14
283,15,15,14,0,198,2,E,8,14.14285714,15;14;15
284,6,6,20,-2,294,3,SE,8,14.62704670,6;15;15;6
285,12,12,15,0,252,3,E,8,16.80000000,12;14;15;12
286,14,14,15,0,252,3,E,8,16.80000000,14;15;12;14
287,13,13,16,0,273,3,E,8,17.06250000,13;14;15;13
288,11,11,60,12,875,7,NE,9,14.30013485,11;15;15;15;15;15;15;11
289,15,15,120,24,1750,14,NE,9,14.30013485,15;11;15;15;15;15;15;15;15;15;15;11;15;15;15
290,15,15,110,24,1625,13,NE,9,14.43318738,15;11;15;15;15;15;15;15;15;15;15;11;15;15
291,14,14,114,24,1698,14,NE,9,14.57524153,14;15;11;15;15;15;15;15;15;15;15;11;15;15;14
292,11,11,50,12,750,6,NE,9,14.58580953,11;15;15;15;15;15;11
293,15,15,100,24,1500,12,NE,9,14.58580953,15;11;15;15;15;15;15;15;15;15;15;11;15
294,13,13,112,24,1680,14,NE,9,14.66703621,13;11;15;15;15;15;15;15;15;11;15;15;15;15;13
295,14,14,118,24,1771,15,NE,9,14.70735448,14;15;14;15;11;15;15;15;11;15;15;15;15;15;15;14
296,14,14,104,24,1573,13,NE,9,14.73766683,14;15;11;15;15;15;15;15;15;15;15;11;15;14
297,11,11,90,24,1375,11,NE,9,14.76192269,11;15;11;15;15;15;15;15;15;15;15;11
298,13,13,116,24,1753,15,NE,9,14.79865099,13;11;15;15;15;15;15;15;15;11;15;15;14;15;15;13
299,10,10,80,16,1210,10,NE,9,14.83128272,10;15;11;15;15;15;15;15;15;15;10
300,11,11,54,12,823,7,NE,9,14.87781390,11;15;14;15;15;15;15;11
301,11,11,40,12,625,5,NE,9,14.96603571,11;15;15;15;15;11
302,11,11,80,24,1250,10,NE,9,14.96603571,11;15;11;15;15;15;15;15;15;15;11
303,13,13,92,24,1430,12,NE,9,15.04013804,13;11;15;15;15;15;15;15;15;11;15;15;13
304,11,11,52,12,805,7,NE,9,15.08432524,11;15;15;15;15;15;13;11
305,13,13,52,12,805,7,NE,9,15.08432524,13;11;15;15;15;15;15;13
306,10,10,70,16,1085,9,NE,9,15.11030685,10;15;11;15;15;15;15;15;15;10
307,14,14,84,24,1323,11,NE,9,15.14400218,14;15;11;15;15;15;15;15;15;11;15;14
308,11,11,20,12,375,3,NE,9,16.07799236,11;15;15;11
309,10,10,20,4,335,3,NE,9,16.42472632,10;15;15;10
310,11,11,24,12,448,4,NE,9,16.69597423,11;15;14;15;11
311,14,14,24,12,448,4,NE,9,16.69597423,14;15;11;15;14
312,9,9,30,6,517,5,NE,9,16.89867364,9;10;15;15;15;9
313,11,11,22,12,430,4,NE,9,17.15886802,11;15;15;13;11
314,10,10,10,4,210,2,NE,9,19.49801051,10;15;10
315,15,15,10,4,210,2,NE,9,19.49801051,15;10;15
316,10,10,14,4,287,3,NE,9,19.71124093,10;14;15;10
317,14,14,14,4,287,3,NE,9,19.71124093,14;15;10;14
318,15,15,14,4,287,3,NE,9,19.71124093,15;10;14;15
319,8,8,14,3,299,4,NE,9,20.88306584,8;9;14;15;8
320,11,11,50,72,1377,11,NE,10,15.70870059,11;11;15;11;15;11;15;11;15;11;15;11
321,11,11,60,84,1627,13,NE,10,15.76124235,11;11;15;11;15;11;15;11;15;11;15;11;15;11
322,11,11,70,96,1877,15,NE,10,15.79823056,11;11;15;11;15;11;15;11;15;11;15;11;15;11;15;11
323,11,11,10,12,250,2,NE,10,16.00460999,11;15;11
324,11,11,20,24,500,4,NE,10,16.00460999,11;15;11;15;11
325,11,11,30,36,750,6,NE,10,16.00460999,11;15;11;15;11;15;11
326,11,11,40,48,1000,8,NE,10,16.00460999,11;15;11;15;11;15;11;15;11
327,11,11,50,60,1250,10,NE,10,16.00460999,11;15;11;15;11;15;11;15;11;15;11
328,11,11,60,72,1500,12,NE,10,16.00460999,11;15;11;15;11;15;11;15;11;15;11;15;11
329,11,11,70,84,1750,14,NE,10,16.00460999,11;15;11;15;11;15;11;15;11;15;11;15;11;15;11
330,11,11,80,96,2000,16,NE,10,16.00460999,11;15;11;15;11;15;11;15;11;15;11;15;11;15;11;15;11
331,15,15,10,12,250,2,NE,10,16.00460999,15;11;15
332,15,15,20,24,500,4,NE,10,16.00460999,15;11;15;11;15
333,10,10,60,88,1711,14,NE,10,16.06448845,10;11;15;11;15;11;15;11;15;11;15;11;15;11;10
334,10,10,70,100,1961,16,NE,10,16.06513796,10;11;15;11;15;11;15;11;15;11;15;11;15;11;15;11;10
335,11,11,72,96,1932,16,NE,10,16.10000000,11;15;11;15;11;15;11;15;11;15;11;15;13;11;15;11;11
336,11,11,74,96,1952,16,NE,10,16.10420734,11;11;15;11;15;11;15;11;15;14;15;11;15;11;15;11;11
337,11,11,52,72,1432,12,NE,10,16.12350910,11;11;15;11;15;11;15;11;15;11;15;13;11
338,13,13,52,72,1432,12,NE,10,16.12350910,13;11;15;11;15;11;15;11;15;11;11;15;13
339,11,11,54,72,1452,12,NE,10,16.13333333,11;11;11;15;11;15;11;15;11;15;14;15;11
340,11,11,34,48,952,8,NE,10,16.18448554,11;11;11;15;14;15;11;15;11
341,11,11,50,36,1000,8,NE,10,16.23068683,11;15;11;15;11;15;15;15;11
342,11,11,40,36,875,7,NE,10,16.25955945,11;15;11;15;11;15;15;11
343,11,11,30,24,625,5,NE,10,16.26810020,11;15;11;15;15;11
344,11,11,14,12,326,3,NE,10,17.67983231,11;14;15;11
345,14,14,14,12,326,3,NE,10,17.67983231,14;15;11;14
346,10,10,20,16,460,4,NE,10,17.95998262,10;15;11;15;10
347,11,11,18,24,539,5,NE,10,17.96666667,11;11;14;14;15;11
348,13,13,10,12,356,4,NE,10,22.79056463,13;11;14;14;13
349,14,14,10,12,356,4,NE,10,22.79056463,14;13;11;14;14
350,6,6,12,10,365,4,NE,10,23.36673059,6;13;11;15;6
351,11,11,12,10,365,4,NE,10,23.36673059,11;15;6;13;11
352,11,11,10,48,631,5,NE,11,12.86951343,11;11;11;11;15;11
353,11,11,20,96,1262,10,NE,11,12.86951343,11;11;11;11;11;15;11;11;11;15;11
354,11,11,24,120,1591,13,NE,11,13.00086546,11;11;11;11;11;11;11;11;15;14;15;11;11;11
355,11,11,22,108,1444,12,NE,11,13.10131237,11;11;11;11;11;15;13;11;15;11;11;11;11
356,11,11,20,84,1135,9,NE,11,13.14446492,11;11;11;11;11;15;11;11;15;11
357,10,10,20,100,1346,11,NE,11,13.19861589,10;11;11;11;11;15;11;11;11;15;11;10
358,11,11,24,108,1464,12,NE,11,13.23275793,11;11;11;11;11;11;11;11;15;14;15;11;11
359,11,11,30,120,1639,13,NE,11,13.25052965,11;11;11;11;15;11;15;11;15;11;11;11;11;11
360,11,11,12,60,813,7,NE,11,13.28686816,11;11;11;11;11;15;13;11
361,9,9,22,110,1499,13,NE,11,13.36264030,9;13;11;11;11;11;15;11;15;11;11;11;11;9
362,11,11,22,96,1317,11,NE,11,13.37210899,11;11;11;11;11;15;13;11;15;11;11;11
363,11,11,10,36,504,4,NE,11,13.48925073,11;11;11;15;11
364,11,11,20,72,1008,8,NE,11,13.48925073,11;11;11;11;11;15;11;15;11
365,10,10,20,88,1219,10,NE,11,13.50780626,10;11;11;11;11;15;11;11;15;11;10
366,11,11,14,60,834,7,NE,11,13.53639282,11;11;11;11;11;14;15;11
367,11,11,18,84,1174,10,NE,11,13.66595279,11;11;11;11;11;11;14;14;15;11;11
368,11,11,22,84,1190,10,NE,11,13.70443983,11;11;11;11;11;15;13;11;15;11;11
369,11,11,16,72,1016,9,NE,11,13.77508407,11;11;11;11;11;14;15;13;11;11
370,11,11,12,48,686,6,NE,11,13.86495323,11;11;11;11;15;13;11
371,9,9,14,62,884,8,NE,11,13.90790074,9;14;15;11;11;11;11;11;9
372,11,11,10,24,377,3,NE,11,14.50000000,11;11;15;11
373,15,15,10,24,377,3,NE,11,14.50000000,15;11;11;15
374,10,10,10,28,461,4,NE,11,15.50510790,10;11;15;11;10
375,15,15,10,28,461,4,NE,11,15.50510790,15;11;10;11;15
376,11,11,6,24,397,4,NE,11,16.04777386,11;11;14;13;11
377,14,14,6,24,397,4,NE,11,16.04777386,14;13;11;11;14
378,11,11,3,12,239,3,NE,11,19.32200479,11;12;13;11
379,12,12,3,12,239,3,NE,11,19.32200479,12;13;11;12
380,13,13,3,12,239,3,NE,11,19.32200479,13;11;12;13
381,11,11,6,12,270,3,NE,11,20.12461180,11;14;13;11
382,13,13,6,12,270,3,NE,11,20.12461180,13;11;14;13
383,14,14,6,12,270,3,NE,11,20.12461180,14;13;11;14
384,11,11,0,12,127,1,N,12,10.58333333,11;11
385,11,11,0,24,254,2,N,12,10.58333333,11;11;11
386,11,11,0,36,381,3,N,12,10.58333333,11;11;11;11
387,11,11,0,48,508,4,N,12,10.58333333,11;11;11;11;11
388,11,11,0,60,635,5,N,12,10.58333333,11;11;11;11;11;11
389,11,11,0,72,762,6,N,12,10.58333333,11;11;11;11;11;11;11
390,11,11,0,84,889,7,N,12,10.58333333,11;11;11;11;11;11;11;11
391,11,11,0,96,1016,8,N,12,10.58333333,11;11;11;11;11;11;11;11;11
392,11,11,0,108,1143,9,N,12,10.58333333,11;11;11;11;11;11;11;11;11;11
393,11,11,0,120,1270,10,N,12,10.58333333,11;11;11;11;11;11;11;11;11;11;11
394,10,10,0,124,1354,11,N,12,10.91935484,10;11;11;11;11;11;11;11;11;11;11;10
395,10,10,0,112,1227,10,N,12,10.95535714,10;11;11;11;11;11;11;11;11;11;10
396,10,10,0,100,1100,9,N,12,11.00000000,10;11;11;11;11;11;11;11;11;10
397,10,10,0,88,973,8,N,12,11.05681818,10;11;11;11;11;11;11;11;10
398,11,11,2,120,1330,11,NE,12,11.08179430,11;11;11;11;11;13;11;11;11;11;11;11
399,10,10,0,76,846,7,N,12,11.13157895,10;11;11;11;11;11;11;10
400,11,11,2,108,1203,10,NE,12,11.13697942,11;11;11;11;11;13;11;11;11;11;11
401,9,9,0,126,1409,12,N,12,11.18253968,9;10;11;11;11;11;11;11;11;11;11;11;9
402,10,10,0,64,719,6,N,12,11.23437500,10;11;11;11;11;11;10
403,11,11,2,84,949,8,NE,12,11.29441814,11;11;11;11;11;13;11;11;11
404,10,10,0,52,592,5,N,12,11.38461538,10;11;11;11;11;10
405,11,11,2,60,695,6,NE,12,11.57690351,11;11;11;11;11;13;11
406,10,10,0,28,338,3,N,12,12.07142857,10;11;11;10
407,11,11,2,24,314,3,NE,12,13.03814034,11;11;13;11
408,13,13,2,24,314,3,NE,12,13.03814034,13;11;11;13
409,9,9,0,30,393,4,N,12,13.10000000,9;10;11;11;9
410,10,10,0,16,211,2,N,12,13.18750000,10;11;10
411,10,10,0,32,422,4,N,12,13.18750000,10;11;10;11;10
412,11,11,0,16,211,2,N,12,13.18750000,11;10;11
413,11,11,2,12,187,2,NE,12,15.37130531,11;13;11
414,13,13,2,12,187,2,NE,12,15.37130531,13;11;13
415,9,9,2,14,237,3,NE,12,16.75843071,9;13;11;9
416,0,0,-10,48,632,5,NW,13,12.88990886,0;11;11;11;11;0
417,11,11,-20,96,1264,10,NW,13,12.88990886,11;0;11;0;11;11;11;11;11;11;11
418,11,11,-24,120,1592,13,NW,13,13.00903696,11;0;11;1;11;11;11;11;0;11;11;11;11;11
419,9,9,-20,98,1305,11,NW,13,13.04739078,9;0;11;0;11;11;11;11;11;11;11;9
420,0,0,-20,84,1137,9,NW,13,13.16762698,0;11;0;11;11;11;11;11;11;0
421,0,0,-10,50,673,6,NW,13,13.19861589,0;11;11;11;11;9;0
422,9,9,-20,100,1346,12,NW,13,13.19861589,9;0;11;11;11;11;11;9;0;11;11;11;9
423,10,10,-20,100,1348,11,NW,13,13.21822751,10;11;0;11;0;11;11;11;11;11;11;10
424,11,11,-24,108,1465,12,NW,13,13.24179670,11;0;11;1;11;11;11;11;0;11;11;11;11
425,11,11,-30,120,1642,13,NW,13,13.27478321,11;0;11;0;11;11;11;11;0;11;11;11;11;11
426,9,9,-20,86,1178,10,NW,13,13.34164484,9;0;11;0;11;11;11;11;11;11;9
427,9,9,-24,110,1506,13,NW,13,13.37623397,9;0;11;1;11;11;11;11;0;11;11;11;11;9
428,9,9,-20,88,1219,11,NW,13,13.50780626,9;0;11;11;11;11;11;9;0;11;11;9
429,11,11,-18,84,1161,10,NW,13,13.51462622,11;0;11;1;11;1;11;11;11;11;11
430,0,0,-20,72,1010,8,NW,13,13.51601512,0;11;0;11;11;11;11;11;0
431,0,0,-10,36,505,4,NW,13,13.51601512,0;11;11;11;0
432,0,0,-14,60,833,7,NW,13,13.52016213,0;11;1;11;11;11;11;0
433,10,10,-20,88,1221,10,NW,13,13.52996837,10;11;0;11;0;11;11;11;11;11;10
434,0,0,-14,62,874,8,NW,13,13.75057155,0;11;1;11;11;11;11;9;0
435,0,0,-10,38,546,5,NW,13,13.89533414,0;11;11;11;9;0
436,0,0,-10,24,378,3,NW,13,14.53846154,0;11;11;0
437,0,0,-10,26,419,4,NW,13,15.04122342,0;11;11;9;0
438,9,9,-10,26,419,4,NW,13,15.04122342,9;0;11;11;9
439,1,1,-5,24,376,4,NW,13,15.33735991,1;11;11;3;1
440,3,3,-5,24,376,4,NW,13,15.33735991,3;1;11;11;3
441,0,0,-10,28,462,4,NW,13,15.53874154,0;11;10;11;0
442,1,1,-4,12,201,2,NW,13,15.89044524,1;11;1
443,11,11,-4,12,201,2,NW,13,15.89044524,11;1;11
444,1,1,-4,14,258,3,NW,13,17.71951275,1;11;9;1
445,9,9,-4,14,258,3,NW,13,17.71951275,9;1;11;9
446,11,11,-4,14,258,3,NW,13,17.71951275,11;9;1;11
447,1,1,-4,13,252,3,NW,13,18.52740848,1;11;8;1
448,0,0,-50,72,1382,11,NW,14,15.76574017,0;11;0;11;0;11;0;11;0;11;11;0
449,11,11,-60,84,1633,13,NW,14,15.81936617,11;0;11;0;11;0;11;0;11;0;11;11;0;11
450,11,11,-70,96,1884,15,NW,14,15.85714778,11;0;11;0;11;0;11;0;11;0;11;11;0;11;0;11
451,9,9,-50,74,1423,12,NW,14,15.93354192,9;0;11;0;11;0;11;0;11;0;11;11;9
452,9,9,-60,86,1674,14,NW,14,15.96386653,9;0;11;0;11;0;11;0;11;0;11;11;0;11;9
453,9,9,-70,98,1925,16,NW,14,15.98405033,9;0;11;0;11;0;11;0;11;0;11;11;0;11;0;11;9
454,0,0,-80,96,2008,16,NW,14,16.06862843,0;11;0;11;0;11;0;11;0;11;0;11;0;11;0;11;0
455,0,0,-70,84,1757,14,NW,14,16.06862843,0;11;0;11;0;11;0;11;0;11;0;11;0;11;0
456,0,0,-60,72,1506,12,NW,14,16.06862843,0;11;0;11;0;11;0;11;0;11;0;11;0
457,0,0,-50,60,1255,10,NW,14,16.06862843,0;11;0;11;0;11;0;11;0;11;0
458,0,0,-40,48,1004,8,NW,14,16.06862843,0;11;0;11;0;11;0;11;0
459,0,0,-30,36,753,6,NW,14,16.06862843,0;11;0;11;0;11;0
460,0,0,-20,24,502,4,NW,14,16.06862843,0;11;0;11;0
461,0,0,-10,12,251,2,NW,14,16.06862843,0;11;0
462,11,11,-10,12,251,2,NW,14,16.06862843,11;0;11
463,9,9,-60,88,1715,15,NW,14,16.10204424,9;0;11;0;11;0;11;0;11;0;11;9;0;11;11;9
464,10,10,-60,88,1717,14,NW,14,16.12082213,10;11;0;11;0;11;0;11;0;11;0;11;0;11;10
465,1,1,-54,72,1456,12,NW,14,16.17777778,1;11;0;11;0;11;0;11;0;11;0;11;1
466,1,1,-44,60,1205,10,NW,14,16.19530033,1;11;0;11;0;11;0;11;0;11;1
467,1,1,-34,48,954,8,NW,14,16.21848656,1;11;0;11;0;11;0;11;1
468,0,0,-50,36,1003,8,NW,14,16.27937889,0;0;0;11;0;11;0;11;0
469,0,0,-40,36,878,7,NW,14,16.31530651,0;0;11;0;11;0;11;0
470,0,0,-30,24,627,5,NW,14,16.32015812,0;0;11;0;11;0
471,0,0,-10,14,292,3,NW,14,16.97215526,0;11;9;0
472,9,9,-10,14,292,3,NW,14,16.97215526,9;0;11;9
473,0,0,-20,14,417,4,NW,14,17.08098554,0;0;11;9;0
474,9,9,-20,14,417,4,NW,14,17.08098554,9;0;0;11;9
475,0,0,-18,24,527,5,NW,14,17.56666667,0;1;11;1;11;0
476,1,1,-9,12,335,4,NW,14,22.33333333,1;1;11;3;1
477,3,3,-9,12,335,4,NW,14,22.33333333,3;1;1;11;3
478,11,11,-9,12,335,4,NW,14,22.33333333,11;3;1;1;11
479,1,1,-10,12,363,4,NW,14,23.23869371,1;1;11;2;1
480,0,0,-120,24,1752,14,NW,15,14.31647787,0;0;0;0;0;0;0;0;0;11;0;11;0;0;0
481,0,0,-60,12,876,7,NW,15,14.31647787,0;0;0;0;0;0;11;0
482,11,11,-60,12,876,7,NW,15,14.31647787,11;0;0;0;0;0;0;11
483,0,0,-110,24,1627,13,NW,15,14.45095131,0;0;0;0;0;0;0;0;0;11;0;11;0;0
484,0,0,-70,14,1042,9,NW,15,14.59664377,0;0;0;0;0;0;0;11;9;0
485,0,0,-120,26,1793,15,NW,15,14.60283658,0;0;0;0;0;0;0;0;0;11;0;11;9;0;0;0
486,0,0,-100,24,1502,12,NW,15,14.60525728,0;0;0;0;0;0;0;0;0;11;0;11;0
487,0,0,-50,12,751,6,NW,15,14.60525728,0;0;0;0;0;11;0
488,0,0,-114,24,1702,14,NW,15,14.60957661,0;0;0;0;0;0;0;0;11;0;11;1;0;0;0
489,0,0,-124,26,1868,16,NW,15,14.74389727,0;0;0;0;0;0;0;0;0;11;0;11;9;0;0;1;0
490,0,0,-110,26,1668,14,NW,15,14.75701758,0;0;0;0;0;0;0;0;0;11;0;11;9;0;0
491,0,0,-118,24,1777,15,NW,15,14.75718177,0;0;0;0;0;0;0;11;1;11;0;1;0;0;0;0
492,0,0,-90,24,1377,11,NW,15,14.78339458,0;0;0;0;0;0;0;0;11;0;11;0
493,0,0,-80,16,1214,11,NW,15,14.88031175,0;0;0;0;0;0;0;9;0;11;9;0
494,0,0,-60,14,917,8,NW,15,14.88353982,0;0;0;0;0;0;11;9;0
495,0,0,-54,12,826,7,NW,15,14.93204651,0;0;0;0;0;1;11;0
496,1,1,-54,12,826,7,NW,15,14.93204651,1;0;0;0;0;0;11;1
497,0,0,-80,24,1252,10,NW,15,14.98998136,0;0;0;0;0;0;0;11;0;11;0
498,0,0,-90,18,1381,12,NW,15,15.04646570,0;0;0;0;0;0;0;0;0;10;11;9;0
499,0,0,-90,26,1418,12,NW,15,15.13658568,0;0;0;0;0;0;0;0;11;0;11;9;0
500,0,0,-20,12,376,3,NW,15,16.12086700,0;0;11;0
501,11,11,-20,12,376,3,NW,15,16.12086700,11;0;0;11
502,0,0,-30,6,512,5,NW,15,16.73524353,0;0;0;10;9;0
503,9,9,-30,6,512,5,NW,15,16.73524353,9;0;0;0;10;9
504,10,10,-30,6,512,5,NW,15,16.73524353,10;9;0;0;0;10
505,0,0,-24,12,451,4,NW,15,16.80777763,0;0;1;11;0
506,0,0,-10,2,172,2,NW,15,16.86598762,0;9;0
507,9,9,-10,2,172,2,NW,15,16.86598762,9;0;9
508,0,0,-14,4,296,3,NW,15,20.32936346,0;10;1;0
509,1,1,-14,4,296,3,NW,15,20.32936346,1;0;10;1
510,10,10,-14,4,296,3,NW,15,20.32936346,10;1;0;10
511,0,0,-10,3,218,3,NW,15,20.88061302,0;8;9;0
