state,routing_input,incoming_output,incoming_dx,incoming_dy,approximate_class,exact_signature_class,scc_id
0,ISEA[0],ZSEA[0],1,0,12,135,0
1,ISEB[0],ZSEB[0],1,0,12,134,0
2,ISNA[0],ZSNA[0],0,1,8,81,0
3,ISNB[0],ZSNB[0],0,1,8,92,0
4,ISSA[0],ZSSA[0],0,-1,7,67,0
5,ISSB[0],ZSSB[0],0,-1,7,78,0
6,ISWA[0],ZSWA[0],-1,0,3,34,0
7,ISWB[0],ZSWB[0],-1,0,3,30,0
8,IDE[0],ZDE[0],2,0,13,142,0
9,IDN[0],ZDN[0],0,2,9,100,0
10,IDS[0],ZDS[0],0,-2,6,62,0
11,IDW[0],ZDW[0],-2,0,2,17,0
12,IQE[0],ZQE[0],4,0,14,146,0
13,IQN[0],ZQN[0],0,4,10,105,0
14,IQS[0],ZQS[0],0,-4,5,50,0
15,IQW[0],ZQW[0],-4,0,1,10,0
16,ILE[0],ZLE[0],10,0,15,153,0
17,ILN[0],ZLN[0],0,12,11,119,0
18,ILS[0],ZLS[0],0,-12,4,45,0
19,ILW[0],ZLW[0],-10,0,0,1,0
20,ISEA[1],ZSEA[1],1,0,12,123,0
21,ISEB[1],ZSEB[1],1,0,12,129,0
22,ISNA[1],ZSNA[1],0,1,8,89,0
23,ISNB[1],ZSNB[1],0,1,8,82,0
24,ISSA[1],ZSSA[1],0,-1,7,76,0
25,ISSB[1],ZSSB[1],0,-1,7,79,0
26,ISWA[1],ZSWA[1],-1,0,3,35,0
27,ISWB[1],ZSWB[1],-1,0,3,32,0
28,IDE[1],ZDE[1],2,0,13,139,0
29,IDN[1],ZDN[1],0,2,9,96,0
30,IDS[1],ZDS[1],0,-2,6,59,0
31,IDW[1],ZDW[1],-2,0,2,18,0
32,IQE[1],ZQE[1],4,0,14,145,0
33,IQN[1],ZQN[1],0,4,10,106,0
34,IQS[1],ZQS[1],0,-4,5,49,0
35,IQW[1],ZQW[1],-4,0,1,12,0
36,ILE[1],ZLE[1],10,0,15,158,0
37,ILN[1],ZLN[1],0,12,11,113,0
38,ILS[1],ZLS[1],0,-12,4,40,0
39,ILW[1],ZLW[1],-10,0,0,4,0
40,ISEA[2],ZSEA[2],1,0,12,122,0
41,ISEB[2],ZSEB[2],1,0,12,120,0
42,ISNA[2],ZSNA[2],0,1,8,94,0
43,ISNB[2],ZSNB[2],0,1,8,88,0
44,ISSA[2],ZSSA[2],0,-1,7,65,0
45,ISSB[2],ZSSB[2],0,-1,7,73,0
46,ISWA[2],ZSWA[2],-1,0,3,28,0
47,ISWB[2],ZSWB[2],-1,0,3,25,0
48,IDE[2],ZDE[2],2,0,13,138,0
49,IDN[2],ZDN[2],0,2,9,99,0
50,IDS[2],ZDS[2],0,-2,6,56,0
51,IDW[2],ZDW[2],-2,0,2,16,0
52,IQE[2],ZQE[2],4,0,14,148,0
53,IQN[2],ZQN[2],0,4,10,110,0
54,IQS[2],ZQS[2],0,-4,5,52,0
55,IQW[2],ZQW[2],-4,0,1,11,0
56,ILE[2],ZLE[2],10,0,15,156,0
57,ILN[2],ZLN[2],0,12,11,112,0
58,ILS[2],ZLS[2],0,-12,4,47,0
59,ILW[2],ZLW[2],-10,0,0,3,0
60,ISEA[3],ZSEA[3],1,0,12,131,0
61,ISEB[3],ZSEB[3],1,0,12,133,0
62,ISNA[3],ZSNA[3],0,1,8,91,0
63,ISNB[3],ZSNB[3],0,1,8,93,0
64,ISSA[3],ZSSA[3],0,-1,7,77,0
65,ISSB[3],ZSSB[3],0,-1,7,74,0
66,ISWA[3],ZSWA[3],-1,0,3,31,0
67,ISWB[3],ZSWB[3],-1,0,3,33,0
68,IDE[3],ZDE[3],2,0,13,137,0
69,IDN[3],ZDN[3],0,2,9,97,0
70,IDS[3],ZDS[3],0,-2,6,63,0
71,IDW[3],ZDW[3],-2,0,2,23,0
72,IQE[3],ZQE[3],4,0,14,147,0
73,IQN[3],ZQN[3],0,4,10,111,0
74,IQS[3],ZQS[3],0,-4,5,54,0
75,IQW[3],ZQW[3],-4,0,1,9,0
76,ILE[3],ZLE[3],10,0,15,157,0
77,ILN[3],ZLN[3],0,12,11,118,0
78,ILS[3],ZLS[3],0,-12,4,43,0
79,ILW[3],ZLW[3],-10,0,0,0,0
80,ISEA[4],ZSEA[4],1,0,12,128,0
81,ISEB[4],ZSEB[4],1,0,12,121,0
82,ISNA[4],ZSNA[4],0,1,8,95,0
83,ISNB[4],ZSNB[4],0,1,8,85,0
84,ISSA[4],ZSSA[4],0,-1,7,71,0
85,ISSB[4],ZSSB[4],0,-1,7,69,0
86,ISWA[4],ZSWA[4],-1,0,3,37,0
87,ISWB[4],ZSWB[4],-1,0,3,24,0
88,IDE[4],ZDE[4],2,0,13,141,0
89,IDN[4],ZDN[4],0,2,9,103,0
90,IDS[4],ZDS[4],0,-2,6,58,0
91,IDW[4],ZDW[4],-2,0,2,22,0
92,IQE[4],ZQE[4],4,0,14,149,0
93,IQN[4],ZQN[4],0,4,10,109,0
94,IQS[4],ZQS[4],0,-4,5,55,0
95,IQW[4],ZQW[4],-4,0,1,15,0
96,ILE[4],ZLE[4],10,0,15,152,0
97,ILN[4],ZLN[4],0,12,11,115,0
98,ILS[4],ZLS[4],0,-12,4,46,0
99,ILW[4],ZLW[4],-10,0,0,5,0
100,ISEA[5],ZSEA[5],1,0,12,124,0
101,ISEB[5],ZSEB[5],1,0,12,130,0
102,ISNA[5],ZSNA[5],0,1,8,87,0
103,ISNB[5],ZSNB[5],0,1,8,90,0
104,ISSA[5],ZSSA[5],0,-1,7,64,0
105,ISSB[5],ZSSB[5],0,-1,7,72,0
106,ISWA[5],ZSWA[5],-1,0,3,36,0
107,ISWB[5],ZSWB[5],-1,0,3,29,0
108,IDE[5],ZDE[5],2,0,13,143,0
109,IDN[5],ZDN[5],0,2,9,102,0
110,IDS[5],ZDS[5],0,-2,6,60,0
111,IDW[5],ZDW[5],-2,0,2,20,0
112,IQE[5],ZQE[5],4,0,14,150,0
113,IQN[5],ZQN[5],0,4,10,107,0
114,IQS[5],ZQS[5],0,-4,5,53,0
115,IQW[5],ZQW[5],-4,0,1,13,0
116,ILE[5],ZLE[5],10,0,15,159,0
117,ILN[5],ZLN[5],0,12,11,116,0
118,ILS[5],ZLS[5],0,-12,4,42,0
119,ILW[5],ZLW[5],-10,0,0,6,0
120,ISEA[6],ZSEA[6],1,0,12,127,0
121,ISEB[6],ZSEB[6],1,0,12,125,0
122,ISNA[6],ZSNA[6],0,1,8,83,0
123,ISNB[6],ZSNB[6],0,1,8,84,0
124,ISSA[6],ZSSA[6],0,-1,7,66,0
125,ISSB[6],ZSSB[6],0,-1,7,68,0
126,ISWA[6],ZSWA[6],-1,0,3,38,0
127,ISWB[6],ZSWB[6],-1,0,3,39,0
128,IDE[6],ZDE[6],2,0,13,140,0
129,IDN[6],ZDN[6],0,2,9,98,0
130,IDS[6],ZDS[6],0,-2,6,57,0
131,IDW[6],ZDW[6],-2,0,2,19,0
132,IQE[6],ZQE[6],4,0,14,151,0
133,IQN[6],ZQN[6],0,4,10,104,0
134,IQS[6],ZQS[6],0,-4,5,48,0
135,IQW[6],ZQW[6],-4,0,1,14,0
136,ILE[6],ZLE[6],10,0,15,155,0
137,ILN[6],ZLN[6],0,12,11,114,0
138,ILS[6],ZLS[6],0,-12,4,41,0
139,ILW[6],ZLW[6],-10,0,0,2,0
140,ISEA[7],ZSEA[7],1,0,12,132,0
141,ISEB[7],ZSEB[7],1,0,12,126,0
142,ISNA[7],ZSNA[7],0,1,8,80,0
143,ISNB[7],ZSNB[7],0,1,8,86,0
144,ISSA[7],ZSSA[7],0,-1,7,70,0
145,ISSB[7],ZSSB[7],0,-1,7,75,0
146,ISWA[7],ZSWA[7],-1,0,3,27,0
147,ISWB[7],ZSWB[7],-1,0,3,26,0
148,IDE[7],ZDE[7],2,0,13,136,0
149,IDN[7],ZDN[7],0,2,9,101,0
150,IDS[7],ZDS[7],0,-2,6,61,0
151,IDW[7],ZDW[7],-2,0,2,21,0
152,IQE[7],ZQE[7],4,0,14,144,0
153,IQN[7],ZQN[7],0,4,10,108,0
154,IQS[7],ZQS[7],0,-4,5,51,0
155,IQW[7],ZQW[7],-4,0,1,8,0
156,ILE[7],ZLE[7],10,0,15,154,0
157,ILN[7],ZLN[7],0,12,11,117,0
158,ILS[7],ZLS[7],0,-12,4,44,0
159,ILW[7],ZLW[7],-10,0,0,7,0
