From,To,delay
SRB_84_356/ZLE[0],SRB_46_116/ZSSB[6],3876
SRB_109_8/ZSNB[3],SRB_71_483/A_H5,6089
SRB_4_269/ZLS[0],SRB_18_373/ZSWB[0],1726
SRB_55_537/ZDS[6],SRB_39_259/ZSSA[6],3503
SRB_80_492/S_CY,SRB_101_435/S_A5,1399
SRB_88_466/ZLS[3],SRB_61_233/S_F2,3045
SRB_96_156/ZLE[7],SRB_37_128/A_F1,2246
SRB_75_320/ZSEA[5],SRB_75_509/ZSWA[7],2411
SRB_9_168/ZSWA[1],SRB_75_474/ZSSA[2],4939
SRB_17_394/ZLE[0],SRB_114_357/ZLW[0],2731
SRB_50_528/ZSWA[6],SRB_76_392/ZSEB[4],2291
SRB_51_471/ZLS[1],SRB_22_198/S_A3,3595
SRB_30_350/ZSEA[5],SRB_57_454/ZLS[3],2020
SRB_12_231/ZSNA[3],SRB_1_218/ZSEA[6],650
SRB_40_175/ZDE[5],SRB_114_63/A_CD,3026
SRB_32_42/ZDE[3],SRB_77_268/S_F1,3646
SRB_33_360/ZLE[0],SRB_116_335/A_E4,2282
SRB_14_500/A_BQ1,SRB_21_65/ZSSB[5],5059
SRB_41_416/ZLS[1],SRB_103_436/A_H0,2087
SRB_56_477/A_FQ0,SRB_69_408/ZSSA[3],1327
SRB_101_191/ZSNA[6],SRB_70_258/S_F2,1604
SRB_109_349/ZSEB[0],SRB_34_426/A_H3,2742
SRB_62_360/ZSEB[0],SRB_61_29/ZDS[2],3918
SRB_15_155/ZLW[4],SRB_21_20/ZLS[4],2225
SRB_26_286/ZSSA[5],SRB_12_156/A_A3,1873
SRB_3_149/S_GY,SRB_119_463/A_F5,6019
SRB_118_299/ZSEB[1],SRB_74_85/ZLE[5],3572
SRB_33_139/A_CQ0,SRB_68_268/ZSWA[1],2431
SRB_96_243/A_EQ0,SRB_72_464/ZLW[2],3119
SRB_16_508/ZDE[7],SRB_56_127/A_A4,5065
SRB_102_369/ZLS[7],SRB_102_549/ZSWB[6],2278
