segment,rows,v3_acc,v4_acc,v6_acc,v6_delta_vs_v3,v6_delta_vs_v4,v3_mae,v4_mae,v6_mae
all,1000000,95.30854947319631,95.35338520540225,95.6371288623484,0.3285793891520967,0.28374365694615733,29.955889,29.638363,28.183614
atlas_radius56,109274,95.13670508327142,95.15166440870135,96.47868302659288,1.341977943321453,1.3270186178915253,16.70758826436298,16.668393213390193,12.718844372860882
fallback_radius56,890726,95.32963129169565,95.37813225257355,95.53388724849225,0.2042559567966009,0.15575499591869857,31.581186582630348,31.229515024822447,30.080827325125796
block_bbox,477308,95.87528399663745,95.92445649078857,96.0855878816631,0.21030388502565245,0.1611313908745302,29.726815808660238,29.313043150334796,28.038469918794572
no_block_bbox,522692,94.79102304861998,94.83189856874974,95.22760838453154,0.436585335911559,0.39570981578179953,30.16507235618682,29.935436165083836,28.316155594499246
gap_span,984696,95.41363458231386,95.4586765008949,95.73476064100495,0.32112605869109245,0.2760841401100578,29.923638361484155,29.601474972986587,28.149047015525603
no_gap_span,15304,88.5471219635504,88.57869117074202,89.35526647892048,0.8081445153700884,0.7765753081784652,32.030972294824885,32.011826973340305,30.407736539466807
distance_0_48,110018,94.73880953881257,94.74729610015616,94.78695936505663,0.048149826244056726,0.039663264900468675,17.61492664836663,17.59785671435583,17.476467487138468
distance_49_56,32328,90.65372608907295,90.72616699331404,95.30520438340496,4.6514782943320085,4.579037390090917,33.51750804256372,33.314433308586985,19.604924523632764
distance_57_128,278051,93.55993059406057,93.61617710172669,93.81272455644371,0.2527939623831372,0.1965474547170203,31.567554153734388,31.309191479261,30.276496038496536
distance_129_256,306892,95.82130532180022,95.87012727147982,96.02717519683904,0.2058698750388146,0.15704792535922252,30.996594893317518,30.63965825111114,29.423227063592403
distance_257_plus,272711,97.29602830073094,97.33613568423797,97.44064886808684,0.14462056735590068,0.10451318384886576,31.69794764420944,31.22967170374499,29.991225143100205
split_random_stratified,199696,95.29797363037899,95.34162706044079,95.56054861762128,0.26257498724228867,0.21892155718049366,30.05235958657159,29.747766605239963,28.791648305424246
split_spatial_region,357905,95.22413633042319,95.2677182621006,95.55741915227458,0.3332828218513839,0.28970089017397527,29.92341263743172,29.626384096338413,28.191338483675835
split_long_distance,100530,97.67433825890879,97.70966788210781,97.7997357809898,0.12539752208101618,0.09006789888199762,32.27228687953845,31.784193773003082,30.525733611857156
split_block_holdout,477308,95.87528399663745,95.92445649078857,96.0855878816631,0.21030388502565245,0.1611313908745302,29.726815808660238,29.313043150334796,28.038469918794572
split_gap_stratified,200493,95.28132739931866,95.32567405787061,95.6074150849681,0.3260876856494406,0.28174102709748183,30.06132383674243,29.754555021871088,28.318215598549575
split_rare_port_pair,106727,95.05330775463572,95.10602106082385,95.41877310934072,0.36546535470499464,0.3127520485168702,31.804594901009118,31.446288193240697,29.786548858302023
split_boundary_holdout,318888,96.12728394076463,96.1699711037396,96.43070019655651,0.3034162557918876,0.26072909281691636,27.803181681342664,27.44684654173252,25.906534582674794
split_macro8_remainder_holdout,171874,95.34020140321849,95.38548949487912,95.66059932689151,0.32039792367302766,0.27510983201239014,29.764682267242282,29.43584253581112,28.01096733653723
split_macro8_phase_holdout,313934,95.32073751873894,95.3657482804041,95.65278026520457,0.3320427464656319,0.2870319848004641,29.87752521230577,29.56257684736282,28.097558722534036
split_macro10_remainder_holdout,180086,95.3594338966823,95.40347709562668,95.67782613195423,0.3183922352719293,0.2743490363275498,29.828215408193863,29.51579245471608,28.062481258954055
split_macro10_phase_holdout,294001,95.37755583773117,95.42188423874528,95.70622723642575,0.3286713986945813,0.28434299768046856,29.487784055156276,29.17284294951378,27.69725273043289
