feature,direction,site,delay,rows,row_share_pct,acc_score,loss_contribution_points,loss_share_pct,loss_index_vs_average,mean_relative_error_pct,mae_ps,p95_absolute_error_ps,exact_share_pct,under_share_pct,over_share_pct
Gap_12,vertical,63,9,493822,49.3822,96.09905370987393,1.9263730988826397,41.061346490142526,0.8315009556103723,0.9918499499256492,28.967340458707792,80.0,4.72113433585381,46.01050580978571,49.268359854360476
Gap_13,vertical,69,78,475045,47.5045,96.0422712336138,1.8800992618279353,40.07500274508414,0.8436043479056542,1.0053161724340973,29.145280973381468,79.0,3.9109979054615875,46.17078382048017,49.91821827405825
Gap_11,vertical,57,98,500082,50.0082,96.2538303139133,1.8733920289576078,39.93203562566251,0.7985097569131164,0.9496848638552319,28.18036242056303,77.0,5.452105854639839,45.8506804883999,48.69721365696026
Gap_10,vertical,51,78,494443,49.4443,96.327204487835,1.8159880314213974,38.70844844303375,0.7828697836360058,0.9305417813510396,27.707557797359858,75.0,6.117995400885441,45.96930283167119,47.912701767443366
Gap_2,horizontal,249,8,491334,49.1334,96.42338773141034,1.7573112123752348,37.45773060483752,0.762367973818981,0.9035646139165368,31.264420943797905,86.0,1.9412456699516012,47.324223440673755,50.73453088937464
Gap_9,vertical,45,78,477408,47.7408,96.39462532615732,1.7212347122898835,36.688746823338754,0.7684987855951043,0.9127927081416677,27.196599135330786,74.0,6.703490515450097,46.19675413901736,47.09975534553254
Gap_3,horizontal,349,8,468181,46.8181,96.42055354375215,1.6758288213325743,35.72090366648968,0.7629720912743081,0.9042599109250448,31.116544669689713,86.0,1.9767995711060466,47.406024593052685,50.617175835841266
Gap_8,vertical,39,78,448156,44.8156,96.4172627282219,1.6056252047709856,34.22448792741581,0.7636735406290623,0.9067923090500295,26.940148073438714,73.0,7.191692178616374,46.52241630146645,46.28589151991717
Gap_7,vertical,33,9,406438,40.6438,96.42219399758633,1.454156316009003,30.995873217451184,0.7626224225454112,0.9061157670289999,26.5491268040882,72.0,7.536942903960751,46.51730399224482,45.94575310379443
Gap_1,horizontal,149,8,374523,37.4523,96.32299771234895,1.3771219277779327,29.353857084311215,0.7837664732022123,0.9305247443403278,31.544748920627036,87.0,2.108815746963471,47.07240943813865,50.818774814897886
Gap_15,vertical,95,98,343149,34.3149,96.17119766744437,1.31384969161413,28.005186251109183,0.8161232074436815,0.9715874771191395,28.374647747771377,78.0,3.7219983156005116,45.87453263742572,50.40346904697376
Gap_4,horizontal,449,8,304730,30.473,96.2970934000948,1.1283867281891136,24.05197541843072,0.789288072012297,0.9380146332690751,30.9589013224822,85.0,2.364388146884127,47.361270633019394,50.274341220096474
Gap_16,vertical,99,177,298663,29.8663,96.34804152901664,1.0907048728193027,23.248772902454608,0.778428292170594,0.9247566271343445,27.3527387054975,74.0,4.197372958819807,45.1361568054965,50.66647023568369
Gap_6,vertical,19,78,263721,26.3721,96.45415613631428,0.9351134895750594,19.932285716260953,0.7558095758874324,0.8957941778333806,25.933543403824498,70.0,7.81166460008873,45.8530037425916,46.33533165731967
Gap_18,vertical,105,9,223304,22.3304,96.3019631347668,0.8257864241540354,17.601939369228294,0.7882500702731835,0.9449612447166645,27.49494411206248,74.0,4.896911833196002,46.446100383333935,48.656987783470065
Gap_0,horizontal,49,8,138475,13.8475,96.12532218515899,0.5365460104101094,11.43667426322139,0.8259017341196164,0.9865839531783575,32.22528254197508,90.0,3.044592886802672,45.88048384184871,51.07492327134862
Gap_5,vertical,9,78,138546,13.8546,96.4882182674784,0.4865433119139381,10.370848474030122,0.748549108168415,0.8858647176973087,25.528048446003492,69.0,8.099115095347393,46.386759632179924,45.51412527247268
Gap_19,vertical,111,78,135279,13.5279,96.456084662276,0.47941732297196527,10.218955415929907,0.755398503531953,0.9030732597808067,26.523806355753663,70.0,5.43173737239335,46.74857147081217,47.81969115679448
Gap_14,vertical,117,9,35676,3.5676,96.3562701047453,0.12999370774310684,2.770863379619496,0.7766743411872117,0.9322013101099095,26.579212916246217,70.0,5.734947864110326,47.732369099674855,46.53268303621482
