model,category,segment,rows,row_share_pct,acc_score,loss_contribution_points,loss_share_pct,loss_index_vs_average,mean_relative_error_pct,mae_ps,p95_absolute_error_ps,exact_share_pct,under_share_pct,over_share_pct
V3,all,all,1000000,100.0,95.30854863869334,4.691451361306669,100.0,1.0,1.212549292845665,29.955894,87.0,9.1769,44.3782,46.4449
V3,distance,0-16,15611,1.5611,93.32446059335867,0.10421184567707799,2.2213135691137755,1.4229156166253125,2.256351985415727,18.39561847415284,156.0,84.06252001793607,15.188008455576195,0.749471526487733
V3,distance,17-32,38602,3.8602,94.8319937489263,0.19949537730394726,4.252316861884369,1.1015794160624757,1.532045633618477,16.364333454225168,118.94999999999709,79.4725661882804,15.211647064918916,5.315786746800684
V3,distance,33-48,55805,5.5805,95.07000623160263,0.2751183022454153,5.864247139264574,1.0508461856938578,1.352637157258581,18.261607382851,93.0,65.84893826718036,20.340471283935134,13.810590448884508
V3,distance,49-56,32328,3.2328,90.65371048328825,0.3021468474962572,6.440370457386622,1.9921957613791825,2.4123898670670654,33.5175699084385,95.0,1.2960900767136847,47.65528334570651,51.0486265775798
V3,distance,57-72,67892,6.7892,92.0700109094273,0.5383828193371618,11.475826516662654,1.6903061504540526,2.031238604704834,32.92302480410063,92.0,1.2873387144287987,47.702232958227775,51.010428327343426
V3,distance,73-128,210159,21.0159,94.04123963277613,1.2522871200154004,26.69295754281489,1.2701315452973647,1.5145231867138365,31.129730347022967,85.0,1.2571434009488054,47.98795197921574,50.754904619835465
V3,distance,129-256,306892,30.6892,95.82131110484681,1.2824061924113506,27.334956576298662,0.8907028067300113,1.0540333362200145,30.99655905008928,85.0,1.2949180819311028,47.59850370814488,51.10657820992402
V3,distance,257+,272711,27.2711,97.29602818800834,0.7374028568200593,15.718011336574465,0.5763614719088876,0.6785343161903771,31.697951311094894,87.0,1.214472463523657,47.47479932969334,51.310728206783004
V3,block_bbox,none,522692,52.2692,94.79102078336888,2.7226917646993596,58.03516982303386,1.1103129533842846,1.3659072129376322,30.165095314257726,94.0,16.36776533790454,40.738331560460075,42.89390310163538
V3,block_bbox,intersects,477308,47.7308,95.87528472892282,1.9687595966073101,41.964830176966146,0.8791981315411882,1.0446096019779014,29.726801143077427,81.0,1.3023037535511661,48.36415899167833,50.3335372547705
V3,block_count,0,522692,52.2692,94.79102078336888,2.7226917646993596,58.03516982303386,1.1103129533842846,1.3659072129376322,30.165095314257726,94.0,16.36776533790454,40.738331560460075,42.89390310163538
V3,block_count,1,163061,16.3061,93.89534178390349,0.9954316733749128,21.21798984392889,1.3012302048882867,1.5577259489482647,30.931234323351383,85.0,1.2706901098361962,49.691219850240095,49.03809003992371
V3,block_count,2,125657,12.5657,96.05850867043605,0.4952759759990153,10.55698839987697,0.8401432789161742,0.9925166240596998,28.91811041167623,79.0,1.340951956516549,47.82940862824992,50.82963941523353
V3,block_count,3+,188590,18.859,97.46512568411167,0.47805194723338207,10.189851933160284,0.5403177227403513,0.6356620579561242,29.22423776446259,79.0,1.303886738427276,47.57304204888912,51.1230712126836
V3,gap_orientation,none,15304,1.5304,88.54712196355038,0.175274845469825,3.7360473757742896,2.4412228017343764,3.452286164628984,32.030972294824885,156.0,54.671981181390485,28.16910611604809,17.15891270256142
V3,gap_orientation,horizontal_only,69280,6.928,91.41956405444553,0.5944526023080132,12.670974428315196,1.8289512742949188,2.237299040053357,48.31760969976905,146.0,3.6215357967667434,45.72459584295612,50.65386836027713
V3,gap_orientation,vertical_only,161907,16.1907,94.34030006731274,0.9163450370015984,19.532229291755392,1.2063857209234556,1.5073938496804251,24.31314273008579,86.0,35.299276745292055,33.145571222986035,31.555152031721917
V3,gap_orientation,both,753509,75.3509,96.01148907773201,3.0053788765272333,64.06074890415513,0.8501656769083732,1.0094873609566413,29.43797618873829,80.0,3.150725472423024,46.997182515404596,49.852092012172385
V3,gap_count,0,15304,1.5304,88.54712196355038,0.175274845469825,3.7360473757742896,2.4412228017343764,3.452286164628984,32.030972294824885,156.0,54.671981181390485,28.16910611604809,17.15891270256142
V3,gap_count,1-2,126776,12.6776,91.2985964289316,1.1031291391257676,23.51360067854402,1.8547359656830962,2.325055668632101,34.98547043604468,124.0,24.992112071685494,37.22313371616079,37.78475421215372
V3,gap_count,3-4,201688,20.1688,94.56467339724553,1.0962401518563452,23.366759397693485,1.1585597257989313,1.3923186194163748,31.746702828130577,97.0,12.96011661576296,42.18644639244774,44.853436991789295
V3,gap_count,5+,656232,65.6232,96.46953025019394,2.3168072248547316,49.3835925479882,0.7525325273377129,0.890142952831971,28.38545666776384,77.0,3.897859293664436,46.81210303673091,49.29003766960465
V3,v3_branch,atlas,90182,9.0182,96.2264779452991,0.34030376593703715,7.253699116306201,0.8043400142274735,1.191193214799029,13.267658734559003,133.0,89.06211882637334,10.937881173626666,0.0
V3,v3_branch,fallback_distance,889982,88.9982,95.37897863543282,4.112625836080229,87.66212242973728,0.9849875888471598,1.1715983468110418,31.481462546433523,87.0,1.260812016422804,47.66253699513024,51.07665098844696
V3,v3_branch,fallback_block,19525,1.9525,87.9761162629963,0.2347663299649972,5.004130105690998,2.5629347532348263,3.1469871490622428,37.20302176696543,111.0,1.1677336747759284,48.998719590268884,49.833546734955185
V3,v3_branch,fallback_other,311,0.0311,87.92466455174853,0.0037554293244062053,0.08004834826551922,2.573901873489364,3.147081580817232,48.443729903536976,183.5,0.6430868167202572,52.41157556270096,46.94533762057878
V3,endpoint_boundary_clearance,0,38701,3.8701,96.19726319284834,0.1471697171735764,3.136976296661136,0.8105672454616512,0.9742742660956082,27.5829048345004,73.0,6.31249838505465,48.156378388155346,45.53112322679
V3,endpoint_boundary_clearance,1-8,280187,28.0187,96.11761469506484,1.0877938914338665,23.186724270565445,0.8275446137959808,0.9903318049901151,27.833621831134206,76.0,6.968917187449811,46.19165057622231,46.83943223632788
V3,endpoint_boundary_clearance,9-16,226075,22.6075,95.66934304813073,0.9790532703938454,20.868878199797816,0.9230953533030108,1.1138996420276954,29.141422094437686,82.0,7.478933982085591,44.29547716465775,48.22558885325666
V3,endpoint_boundary_clearance,17-32,302459,30.2459,94.85550729788712,1.5559981181883624,33.166668443408604,1.0965674171841011,1.3315688813367812,31.61079683527354,97.0,9.551707834780911,43.76361754816355,46.684674617055535
V3,endpoint_boundary_clearance,33+,152578,15.2578,93.9608831934026,0.9214363641170185,19.640752789566996,1.2872598139683964,1.5912907049317766,32.38128694831496,108.0,15.730970388915832,41.4306125391603,42.83841707192387
V3,orientation,same_cell,22,0.0022,86.63799866957069,0.00029396402926944464,0.006265950696919713,2.848159407690779,4.437665670778963,20.272727272727273,134.59999999999994,63.63636363636363,36.36363636363637,0.0
V3,orientation,horizontal,1870,0.187,93.895366051769,0.011415665483191957,0.24332908100346265,1.3012250321040784,1.7164435168998002,21.890374331550802,106.64999999999986,53.15508021390374,27.326203208556148,19.518716577540108
V3,orientation,vertical,8476,0.8476,91.14487769511435,0.07505601665621084,1.5998464201343896,1.8875016754770995,2.4384983313130326,42.45847097687589,139.0,12.812647475224162,44.62010382255781,42.56724870221803
V3,orientation,diagonal,989632,98.9632,95.34707273497825,4.604685715137997,98.15055854816522,0.9917884481116741,1.2010254346748044,29.86426772780185,87.0,9.061449104313523,44.408527614305115,46.53002328138136
V3,golden_delay_ps,0-999,60672,6.0672,94.77079479356239,0.3172663382849831,6.76264792813748,1.1146241970163304,1.4828436413196704,12.067955564345992,76.0,76.98114451476793,12.84612341772152,10.172732067510548
V3,golden_delay_ps,1000-1499,96770,9.677,91.68956388819367,0.8042009025394982,17.141836088768724,1.7713998231651054,2.2297477601772826,28.161641004443524,99.0,31.587268781647204,32.443939237366955,35.96879198098584
V3,golden_delay_ps,1500-1999,121363,12.1363,92.69462495272477,0.8866022318624633,18.898250532336878,1.5571673848155434,1.888729248594489,32.90675082191442,92.0,4.3390489687960905,45.94316224879082,49.717788782413095
V3,golden_delay_ps,2000-2999,257037,25.7037,94.9214560256805,1.3053737075271623,27.824517553211674,1.0825102048814637,1.2885921890827243,31.64926839326634,87.0,1.2869742488435518,48.15843633406864,50.55458941708781
V3,golden_delay_ps,3000-4999,348442,34.8442,96.7693455208986,1.1256957080070515,23.99461533996425,0.6886258068764457,0.8125344466775881,30.90485647539619,85.0,1.2782615184162645,48.438764557659525,50.28297392392421
V3,golden_delay_ps,5000+,115716,11.5716,97.81955414043424,0.2523124730855112,5.3781325575810035,0.4647700022106713,0.5466026021941717,31.12153894016385,85.0,1.2686231808911475,48.6259462822773,50.105430536831555
V3,distance_x_block,0-48|no_block,90493,9.0493,96.19794685487891,0.34405919526144335,7.33374746457172,0.8104215204017682,1.1979150748526428,13.388549390560597,139.0,88.75824649420397,11.080415059728377,0.16133844606765166
V3,distance_x_block,0-48|block,19525,1.9525,87.9761162629963,0.2347663299649972,5.004130105690998,2.5629347532348263,3.1469871490622428,37.20302176696543,111.0,1.1677336747759284,48.998719590268884,49.833546734955185
V3,distance_x_block,49-128|no_block,149725,14.9725,91.82598912496476,1.2238537782646495,26.0868904739914,1.7423202854560962,2.0989307907010533,33.719539155117715,93.0,1.2396059442310905,46.80781432626482,51.95257972950409
V3,distance_x_block,49-128|block,160654,16.0654,94.59109011550181,0.86896300858417,18.522264042872763,1.1529289057771834,1.3689099352150749,29.954442466418513,82.0,1.2940854258219527,48.900120756408185,49.80579381776987
V3,distance_x_block,129-256|no_block,153285,15.3285,95.09885253733084,0.7512723888152429,16.013645478912043,1.044697490224878,1.2389790666986418,33.150425677659264,92.0,1.217992628111035,47.0574420197671,51.724565352121864
V3,distance_x_block,129-256|block,153607,15.3607,96.5422552123529,0.5311338035961075,11.321311097386618,0.7370309359200179,0.8694752998257328,28.84720748403393,78.0,1.3716822801044224,48.138431191286855,50.48988652860872
V3,distance_x_block,257+|no_block,129189,12.9189,96.87661950817775,0.40350640235802376,8.600886405558697,0.6657599645139057,0.7846374319759434,34.254952047000906,95.0,1.168830163558817,46.98078009737671,51.850389739064475
V3,distance_x_block,257+|block,143522,14.3522,97.67355210725856,0.3338964544620355,7.117124931015765,0.4958908690664683,0.5830273177844079,29.396308579869288,79.0,1.2555566394002313,47.91948272738674,50.824960633213024
V4,all,all,1000000,100.0,95.35338520540225,4.64661479459775,100.0,1.0,1.201478962757515,29.638363,86.0,9.189,45.9748,44.8362
V4,distance,0-16,15611,1.5611,93.32486966837628,0.10420545960697802,2.242610248823067,1.4365577149593665,2.2562101505669174,18.395874703734545,156.0,84.0689257574787,15.188008455576195,0.7430657869451028
V4,distance,17-32,38602,3.8602,94.83619655156609,0.19933314071644587,4.289857230003113,1.111304396146084,1.5309031064105785,16.361457955546346,118.94999999999709,79.48551888503187,15.328221335682088,5.186259779286048
V4,distance,33-48,55805,5.5805,95.08371333519229,0.2743533773295945,5.90437101970586,1.0580362010045445,1.349161286879049,18.229871875279994,93.0,65.89015321207778,20.68094256787026,13.428904220051965
V4,distance,49-56,32328,3.2328,90.72616699331402,0.2998044734401441,6.452105171031242,1.9958256530039724,2.3939722173353264,33.314433308586985,94.0,1.2960900767136847,49.297822321207626,49.40608760207869
V4,distance,57-72,67892,6.7892,92.13567788514527,0.5339245570217171,11.490613718237823,1.6924841981732492,2.0148152838527733,32.68991928356802,91.0,1.2195840452483355,49.1751605491074,49.60525540564426
V4,distance,73-128,210159,21.0159,94.09445332502499,1.2411037836660743,26.709848750729396,1.270935279989408,1.5014508550509467,30.863146474811927,84.0,1.2661841748390503,49.33930976070499,49.39450606445596
V4,distance,129-256,306892,30.6892,95.87012727147982,1.2674249014010155,27.276306675443593,0.8887917142005525,1.0420619923297283,30.63965825111114,84.0,1.276670620283357,49.28900069079676,49.434328688919884
V4,distance,257+,272711,27.2711,97.33613568423797,0.7264651014157798,15.634287186025905,0.5732914032080079,0.6686394259087929,31.22967170374499,85.0,1.278642959029889,49.738001034061696,48.983356006908416
V4,block_bbox,none,522692,52.2692,94.83189856874974,2.7013252733030617,58.135339224669075,1.112229366905732,1.3559085772429598,29.935436165083836,92.0,16.35992133034368,42.48754524653142,41.1525334231249
V4,block_bbox,intersects,477308,47.7308,95.92445649078857,1.9452895212946875,41.86466077533092,0.8770994991772801,1.0323656773011096,29.313043150334796,80.0,1.336244102340627,49.79363429902705,48.87012159863233
V4,block_count,0,522692,52.2692,94.83189856874974,2.7013252733030617,58.135339224669075,1.112229366905732,1.3559085772429598,29.935436165083836,92.0,16.35992133034368,42.48754524653142,41.1525334231249
V4,block_count,1,163061,16.3061,93.94593237590877,0.9871823208519404,21.24519385595851,1.3028985383358689,1.545023725194782,30.64340952159008,84.0,1.3007402137850252,50.42100808899737,48.278251697217605
V4,block_count,2,125657,12.5657,96.11205957851922,0.48854692954201134,10.51403981474871,0.8367253567050551,0.9792563055389021,28.51700263415488,77.0,1.3146899894156314,49.24516740014484,49.44014261043953
V4,block_count,3+,188590,18.859,97.51015286653197,0.4695602709007359,10.1054271046237,0.535841089380333,0.6244916138827612,28.693165067076727,77.0,1.3813033564876187,49.61662866535871,49.00206797815367
V4,gap_orientation,none,15304,1.5304,88.57869117074202,0.17479171032296414,3.7617000343170393,2.457984862988133,3.4453228590068745,32.011826973340305,156.0,54.62624150548876,28.80292733925771,16.57083115525353
V4,gap_orientation,horizontal_only,69280,6.928,91.43380690300297,0.5934658577599543,12.772004652719007,1.8435341588797645,2.2351228994887022,48.41817263279446,149.0,3.6316397228637416,47.43360277136259,48.934757505773675
V4,gap_orientation,vertical_only,161907,16.1907,94.37789701817508,0.9102578274783262,19.589698473318915,1.2099352389531592,1.4979041429193765,24.162290697746236,85.0,35.27210065037336,34.05473512572032,30.67316422390632
V4,gap_orientation,both,753509,75.3509,96.06096357304756,2.9680993990365043,63.87659683964503,0.8477217503658886,0.9971762264008118,29.040129580403153,78.0,3.1726230210919844,48.75071167033174,48.076665308576274
V4,gap_count,0,15304,1.5304,88.57869117074202,0.17479171032296414,3.7617000343170393,2.457984862988133,3.4453228590068745,32.011826973340305,156.0,54.62624150548876,28.80292733925771,16.57083115525353
V4,gap_count,1-2,126776,12.6776,91.32212328607615,1.1001464982844096,23.676300853762672,1.8675696388719216,2.319865776846921,34.97741686123557,125.25,25.038650848741085,38.40790054899981,36.5534486022591
V4,gap_count,3-4,201688,20.1688,94.59294354411247,1.0905384024750422,23.4695246040822,1.1636549821547242,1.3853556043481037,31.6540200706041,97.0,12.933838403871325,43.79735036293682,43.26881123319186
V4,gap_count,5+,656232,65.6232,96.5238845659533,2.2811381835153335,49.0924745078381,0.7480963212375821,0.876578461379464,27.932074327372028,74.0,3.9164502797791023,48.506320935278985,47.57722878494191
V4,v3_branch,atlas,90182,9.0182,96.2264779452991,0.34030376593703715,7.323692214226179,0.8121013300022376,1.191193214799029,13.267658734559003,133.0,89.06211882637334,10.937881173626666,0.0
V4,v3_branch,fallback_distance,889982,88.9982,95.42830886810663,4.068722816944731,87.56316150146795,0.9838756458160722,1.1594295151689233,31.126789081127484,85.0,1.27114930414323,49.4301008335,49.298749862356765
V4,v3_branch,fallback_block,19525,1.9525,88.02307560803577,0.23384944875310157,5.032684203239309,2.5775591309804398,3.134904665454842,37.1096542893726,110.0,1.295774647887324,50.17157490396927,48.53265044814341
V4,v3_branch,fallback_other,311,0.0311,87.97825413865046,0.003738762962879707,0.08046208106655345,2.587205178988857,3.133002888857824,48.266881028938904,174.5,1.929260450160772,54.340836012861736,43.729903536977496
V4,endpoint_boundary_clearance,0,38701,3.8701,96.2340325341178,0.14574670689710698,3.1366212466450873,0.8104755036420472,0.9651351439756752,27.26074261646986,72.0,6.317666210175448,48.44319268235963,45.239141107464924
V4,endpoint_boundary_clearance,1-8,280187,28.0187,96.16112257965723,1.0756035477735788,23.14811094356472,0.826166486795059,0.9795251402871177,27.472552259740816,75.0,6.983193367286848,47.50612983471753,45.51067679799562
V4,endpoint_boundary_clearance,9-16,226075,22.6075,95.72937031166494,0.9654826067903479,20.778193361602472,0.9190840810174709,1.0989757246363885,28.682645139887207,80.0,7.483357292933761,46.0886873825058,46.42795532456043
V4,endpoint_boundary_clearance,17-32,302459,30.2459,94.89439282158024,1.5442368415776622,33.23358853359276,1.0987799514510315,1.3220824211069495,31.3825510234445,96.0,9.55997341788474,45.658419818884546,44.78160676323072
V4,endpoint_boundary_clearance,33+,152578,15.2578,93.99949474000803,0.9155450915590533,19.703485914594964,1.2913713585572602,1.5818164684038825,32.177174953138724,108.0,15.759808098153075,42.99505826528071,41.245133636566216
V4,orientation,same_cell,22,0.0022,86.63799866957069,0.00029396402926944464,0.006326412716871071,2.8756421440323057,4.437665670778963,20.272727272727273,134.59999999999994,63.63636363636363,36.36363636363637,0.0
V4,orientation,horizontal,1870,0.187,93.91216865932256,0.011384244607066815,0.24500082555374236,1.3101648425333816,1.7121493199856737,21.83529411764706,106.64999999999986,53.20855614973262,27.48663101604278,19.3048128342246
V4,orientation,vertical,8476,0.8476,91.18940558980492,0.07467859822081349,1.607161374935499,1.8961318722693477,2.426943639741729,42.24386503067485,140.0,12.930627654554035,45.91788579518641,41.151486550259555
V4,orientation,diagonal,989632,98.9632,95.39196591486471,4.5602579877405995,98.1415113867939,0.9916970286610971,1.1899462028248218,29.54535221173123,85.0,9.072564347151264,46.010436202548014,44.916999450300715
V4,golden_delay_ps,0-999,60672,6.0672,94.8230083246928,0.31409843892423867,6.759726226701986,1.1141426402132757,1.4684254261597622,11.94414227320675,74.0,76.99762658227847,13.109836497890296,9.892536919831224
V4,golden_delay_ps,1000-1499,96770,9.677,91.73406686299131,0.7998943496683304,17.2145612457117,1.7789150817104167,2.218617022588772,28.0216389376873,98.0,31.622403637490958,33.45044951947918,34.92714684302987
V4,golden_delay_ps,1500-1999,121363,12.1363,92.74882691887161,0.8800241186449842,18.93903750463926,1.5605281267469708,1.8753794666421166,32.67375559272595,91.0,4.328337302143157,47.43125993919069,48.24040275866615
V4,golden_delay_ps,2000-2999,257037,25.7037,94.96786363636515,1.2934452344996092,27.83629140085801,1.0829682653025832,1.2773764196025947,31.370553655699375,86.0,1.2620751098090937,49.70373915039469,49.034185739796214
V4,golden_delay_ps,3000-4999,348442,34.8442,96.811695691732,1.110939129781517,23.908569547730057,0.6861563631172491,0.8021825756434845,30.50595794996011,83.0,1.2854363136476084,50.195441422101815,48.51912226425058
V4,golden_delay_ps,5000+,115716,11.5716,97.85497664040349,0.24821352307906983,5.341814074358994,0.4616314143557498,0.5378884858428248,30.62410556880639,83.0,1.3801030108195929,51.16060008987521,47.4592968993052
V4,distance_x_block,0-48|no_block,90493,9.0493,96.19813102781522,0.3440425288999169,7.404154295292733,0.8182018824983958,1.1978666901908523,13.387941608743217,139.0,88.76266672560308,11.087045406827048,0.15028786756986728
V4,distance_x_block,0-48|block,19525,1.9525,88.02307560803577,0.23384944875310157,5.032684203239309,2.5775591309804398,3.134904665454842,37.1096542893726,110.0,1.295774647887324,50.17157490396927,48.53265044814341
V4,distance_x_block,49-128|no_block,149725,14.9725,91.8927630182939,1.2138560570859454,26.1234492365754,1.744762012795151,2.0824373197037405,33.49114042411087,92.0,1.2108866254800468,48.71263983970613,50.07647353481383
V4,distance_x_block,49-128|block,160654,16.0654,94.64080099442286,0.8609767570419904,18.529118403423066,1.153355559365037,1.3565342639919225,29.679186325892914,81.0,1.30404471721837,49.845630983355534,48.8503242994261
V4,distance_x_block,129-256|no_block,153285,15.3285,95.14562450216299,0.7441029481859464,16.013872056944678,1.0447122717124755,1.2276589505784092,32.8645920996836,90.0,1.226473562318557,49.08829957269139,49.68522686499005
V4,distance_x_block,129-256|block,153607,15.3607,96.59311129561108,0.5233219532150694,11.262434618498919,0.7331980065035395,0.856854093307229,28.419388439328937,76.0,1.3267624522319947,49.48928108745044,49.18395646031756
V4,distance_x_block,257+|no_block,129189,12.9189,96.90899581906159,0.3993237391312536,8.593863635856271,0.6652163602053017,0.7767641651284733,33.930040483322884,93.0,1.1572192678943254,49.436097500561196,49.40668323154448
V4,distance_x_block,257+|block,143522,14.3522,97.72061870455731,0.3271413622845262,7.040423550169632,0.4905466444287031,0.5713126959645942,28.798978553810567,77.0,1.387940524797592,50.00975460208191,48.6023048731205
V6,all,all,1000000,100.0,95.6371288623484,4.3628711376515925,100.0,1.0,1.1306933932160195,28.183614,83.0,11.0265,45.4955,43.478
V6,distance,0-16,15611,1.5611,93.32835925346332,0.10415098369418402,2.3872120080595707,1.5291858356668828,2.2551698678122754,18.39042982512331,156.0,84.05611427839345,15.188008455576195,0.7558772660303632
V6,distance,17-32,38602,3.8602,94.86330850121227,0.1982865652362039,4.544864126858806,1.177364936236155,1.5236915915997806,16.295269675146365,118.94999999999709,79.48033780633128,15.299725402828868,5.219936790839853
V6,distance,33-48,55805,5.5805,95.14217801908768,0.2710907556448114,6.213586124634699,1.1134461293136275,1.3344559775052685,18.03786399068184,92.0,65.84893826718036,20.698862109130005,13.452199623689634
V6,distance,49-56,32328,3.2328,95.30520438340496,0.15177335269328443,3.478749380963373,1.0760793680287593,1.2521049066478076,19.604924523632764,86.0,54.38629052214799,25.96201435288295,19.651695124969066
V6,distance,57-72,67892,6.7892,92.35316134378358,0.5191591700478446,11.899484391539765,1.7527078877540456,1.960384549931909,31.760310493136156,89.0,1.2888116420196782,49.37695162905791,49.334236728922406
V6,distance,73-128,210159,21.0159,94.28423739022159,1.2012189543084204,27.532762632888623,1.3100920080933305,1.4541048221680937,29.79714882541314,82.0,1.4160706893352175,49.55771582468512,49.02621348597967
V6,distance,129-256,306892,30.6892,96.02717519683904,1.2192281494916721,27.945545743254463,0.9105987038845739,1.0029534472285726,29.423227063592403,81.0,1.4562126089959986,49.595297368455356,48.94849002254865
V6,distance,257+,272711,27.2711,97.44064886808684,0.6979632065351717,15.997795591800706,0.5866208400761505,0.6425739989622825,29.991225143100205,82.0,1.398183424944355,50.18389430569358,48.41792226936207
V6,block_bbox,none,522692,52.2692,95.22760838453154,2.494490918272443,57.17544340801125,1.093864903385,1.257287731447253,28.316155594499246,90.0,19.742219127134145,41.24513097579454,39.01264989707131
V6,block_bbox,intersects,477308,47.7308,96.08558788166309,1.8683802193791503,42.82455659198877,0.8972101157321638,0.9920620527843489,28.038469918794572,77.0,1.4820618971397923,50.150007961316376,48.36793014154382
V6,block_count,0,522692,52.2692,95.22760838453154,2.494490918272443,57.17544340801125,1.093864903385,1.257287731447253,28.316155594499246,90.0,19.742219127134145,41.24513097579454,39.01264989707131
V6,block_count,1,163061,16.3061,94.14425225136084,0.9548440836408496,21.885681550402484,1.3421775624093122,1.4952466764033225,29.528121377889256,82.0,1.4289131061381937,50.6479170371824,47.9231698566794
V6,block_count,2,125657,12.5657,96.29301920909623,0.46580808524259554,10.676640921678164,0.8496654322224917,0.934109516482626,27.132829846327702,74.0,1.5168275543742091,49.60089768178454,48.88227476384125
V6,block_count,3+,188590,18.859,97.62591839177207,0.44772805049570535,10.262234119908122,0.544155794045714,0.5956060049670318,27.353894692189407,73.0,1.5048517948989872,50.08537038018983,48.40977782491118
V6,gap_orientation,none,15304,1.5304,89.35526647892048,0.16290700180660095,3.73394025784335,2.439845960430835,3.2466984441405713,30.407736539466807,156.0,58.67093570308416,27.581024568740197,13.74803972817564
V6,gap_orientation,horizontal_only,69280,6.928,91.66905529936164,0.5771678488602253,13.22908311178996,1.909509687036657,2.176812148791832,47.70414260969977,150.0,4.614607390300231,47.26039260969977,48.125
V6,gap_orientation,vertical_only,161907,16.1907,94.96124328969478,0.815809982695388,18.698924560364507,1.154917610749659,1.352328538202829,22.102200646049894,82.0,41.41698629460122,31.39827184741858,27.1847418579802
V6,gap_orientation,both,753509,75.3509,96.27478065386163,2.806986304289379,64.33805207000219,0.8538458342236416,0.9439103155022552,27.650379756578886,75.0,4.11833169875874,48.72615987333927,47.155508427901985
V6,gap_count,0,15304,1.5304,89.35526647892048,0.16290700180660095,3.73394025784335,2.439845960430835,3.2466984441405713,30.407736539466807,156.0,58.67093570308416,27.581024568740197,13.74803972817564
V6,gap_count,1-2,126776,12.6776,91.79806413698601,1.039808620969461,23.833127043242445,1.8799399762764595,2.200966113542371,33.78808291790244,128.0,28.148072190319933,37.196314759891465,34.655613049788606
V6,gap_count,3-4,201688,20.1688,94.83120967442015,1.0424829831855489,23.894425260212643,1.1847222075786683,1.3265376765107728,30.66544861370037,97.0,14.563087541152672,43.220717147276986,42.216195311570345
V6,gap_count,5+,656232,65.6232,96.77298191540494,2.117672531689982,48.53850743870157,0.7396546867373364,0.814391113685922,26.28625699447756,71.0,5.520760950395592,48.21572248838825,46.26351656121616
V6,v3_branch,atlas,90182,9.0182,96.2264779452991,0.34030376593703715,7.7999958101034546,0.8649171464486766,1.191193214799029,13.267658734559003,133.0,89.06211882637334,10.937881173626666,0.0
V6,v3_branch,fallback_distance,889982,88.9982,95.7422253112126,3.789342833076393,86.85433774044692,0.9759111728152585,1.0811466723663916,29.507212505421457,83.0,3.338831571874487,48.89166297745348,47.769505450672035
V6,v3_branch,fallback_block,19525,1.9525,88.24395440538909,0.229536790234778,5.2611407257453635,2.6945663128017228,3.078421825024428,36.43554417413572,109.0,1.1523687580025608,50.14596670934699,48.70166453265045
V6,v3_branch,fallback_other,311,0.0311,88.1422880920124,0.0036877484033841458,0.08452572370425669,2.717868929397321,3.093063728056809,47.646302250803856,172.0,2.2508038585209005,55.62700964630225,42.12218649517685
V6,endpoint_boundary_clearance,0,38701,3.8701,96.49131596612918,0.13578958079483452,3.1123903620019853,0.8042144549241586,0.9015098468729594,25.692772796568565,69.0,7.743985943515671,47.67835456448154,44.577659492002795
V6,endpoint_boundary_clearance,1-8,280187,28.0187,96.4223276064712,1.002417294925653,22.976092194765695,0.8200270603120664,0.9142890306765328,25.936060559554868,72.0,8.557856003312073,47.15422200173456,44.28792199495337
V6,endpoint_boundary_clearance,9-16,226075,22.6075,96.01744141331308,0.9003569324852464,20.636798660294208,0.9128297538557649,1.0268052203003257,27.07932323344023,76.0,9.258431936304323,45.838770319584214,44.90279774411147
V6,endpoint_boundary_clearance,17-32,302459,30.2459,95.18140610300469,1.457427091491306,33.4052289308686,1.1044547833216602,1.250644694857346,30.00531311681914,95.0,11.620417974006395,45.00411626038571,43.3754657656079
V6,endpoint_boundary_clearance,33+,152578,15.2578,94.31844539871703,0.8668802379545526,19.86948985206951,1.3022512978325518,1.502368795322847,30.967741089803248,108.0,17.834812358269215,42.36128406454404,39.80390357718675
V6,orientation,same_cell,22,0.0022,86.63799866957069,0.00029396402926944464,0.006737857250298641,3.0626623864993827,4.437665670778963,20.272727272727273,134.59999999999994,63.63636363636363,36.36363636363637,0.0
V6,orientation,horizontal,1870,0.187,94.3289743100075,0.010604818040285985,0.2430697058358284,1.299837999122077,1.607261410833357,20.348663101604277,104.54999999999995,57.48663101604278,25.50802139037433,17.005347593582886
V6,orientation,vertical,8476,0.8476,91.614828418674,0.0710727143233193,1.629035377872189,1.921938860160676,2.324785080008138,40.98371873525248,141.0,14.88909863142992,45.386974988201985,39.7239263803681
V6,orientation,diagonal,989632,98.9632,95.67425099303709,4.280899641258718,98.12115705904168,0.9914913529376747,1.1194922025509029,28.088964382720043,83.0,10.90445741447326,45.53440066610619,43.56114191942056
V6,golden_delay_ps,0-999,60672,6.0672,95.58447947301187,0.2678984614134237,6.140416550501781,1.0120676012825984,1.27045063150742,10.238429588607595,66.0,81.20385021097046,12.018723628691983,6.777426160337553
V6,golden_delay_ps,1000-1499,96770,9.677,92.55646859401794,0.7203105341568838,16.510011674206957,1.7061084710351306,2.011756722427638,25.45370466053529,96.0,39.75922289965899,29.830525989459545,30.410251110881468
V6,golden_delay_ps,1500-1999,121363,12.1363,93.19941933361478,0.8253388714145092,18.91733322792489,1.5587397499999909,1.766017416943812,30.81222448357407,90.0,9.873684730931172,44.7830063528423,45.343308916226526
V6,golden_delay_ps,2000-2999,257037,25.7037,95.14141550270435,1.2488359834313822,28.624177612167447,1.1136209033005928,1.2350122599032403,30.31497799927637,84.0,1.4530981920890766,49.916548979329825,48.630352828581096
V6,golden_delay_ps,3000-4999,348442,34.8442,96.95001199248503,1.062743921314531,24.358819863897594,0.6990781784026493,0.7677878848448669,29.195028153896487,80.0,1.4728419650903162,50.56250394613738,47.964654088772306
V6,golden_delay_ps,5000+,115716,11.5716,97.94545813957566,0.23774336592086256,5.44924107130134,0.4709150913703671,0.5153336641386043,29.338760413425973,80.0,1.4449168654291542,51.817380483252094,46.73770265131875
V6,distance_x_block,0-48|no_block,90493,9.0493,96.19869476820946,0.3439915143404213,7.884521533807712,0.8712852412681327,1.1977294300822352,13.385808847093145,139.0,88.76377178345287,11.091465638226161,0.1447625783209751
V6,distance_x_block,0-48|block,19525,1.9525,88.24395440538909,0.229536790234778,5.2611407257453635,2.6945663128017228,3.078421825024428,36.43554417413572,109.0,1.1523687580025608,50.14596670934699,48.70166453265045
V6,distance_x_block,49-128|no_block,149725,14.9725,93.03283808606722,1.0431583175635863,23.909904387528815,1.596921314912594,1.7981442061453787,29.85260978460511,89.0,12.75137752546335,43.82234095842378,43.42628151611287
V6,distance_x_block,49-128|block,160654,16.0654,94.83988472440174,0.8289931594859631,19.00109201786295,1.1827338266002059,1.306774492654992,28.524132607964944,79.0,1.4571688224382835,50.07842941974678,48.464401757814926
V6,distance_x_block,129-256|no_block,153285,15.3285,95.29405463161538,0.7213508357928371,16.533856101491907,1.078634967641446,1.190802022059962,31.849509084385296,89.0,1.353035195876961,49.32772286916528,49.31924193495776
V6,distance_x_block,129-256|block,153607,15.3607,96.75875895174806,0.4978773136988352,11.411689641762562,0.7429146875964352,0.8154986515940663,27.00203115743423,73.0,1.5591737355719466,49.862310962391035,48.57851530203702
V6,distance_x_block,257+|no_block,129189,12.9189,97.01220498203719,0.38599025057559755,8.847161385182808,0.6848231184685081,0.7510614711207438,32.80133757518055,92.0,1.3159015086423766,49.789842788472704,48.89425570288492
V6,distance_x_block,257+|block,143522,14.3522,97.82630568164062,0.3119729559595742,7.150634206617898,0.49822565227755317,0.5449207608477116,27.46174802469308,73.0,1.4722481570769639,50.538593386379794,47.989158456543244
