source_port,target_port,rows,row_share_pct,acc_score,loss_contribution_points,loss_share_pct,mae_ps
ZLE[7],ZLS[4],248,0.0248,84.90368936690486,0.003743885037007597,0.07980227756139083,103.54435483870968
ZLE[7],ZLN[4],234,0.0234,84.5193500756568,0.0036224720822963085,0.07721431606801041,109.93589743589743
ZLW[5],ZLS[2],247,0.0247,85.66055266456382,0.003541843491852736,0.07549568820140676,97.4251012145749
ZLE[7],ZLW[4],229,0.0229,85.78843146627133,0.003254449194223864,0.06936977373495416,106.46724890829694
ZLE[7],ZSNA[7],244,0.0244,86.67181123171973,0.003252078059460386,0.06931923213106941,82.48770491803279
ZLE[0],ZLS[4],183,0.0183,82.43211376667013,0.0032149231806993654,0.06852726231406438,125.34426229508196
ZLW[7],ZSNB[7],226,0.0226,86.16748109391044,0.00312614927277624,0.06663501402912425,79.33185840707965
ZLW[7],ZSNA[7],232,0.0232,86.58437113237967,0.003112425897287917,0.0663424952661353,77.23706896551724
ZLE[7],ZSNB[7],233,0.0233,86.7201714403221,0.0030942000544049494,0.06595400476544956,93.27896995708154
ZLE[0],ZLE[4],149,0.0149,80.234912810822,0.002944997991187522,0.06277370827025427,135.74496644295303
ZLE[4],ZLE[1],176,0.0176,83.63944607186384,0.002879457491351964,0.06137668856807616,105.57386363636364
ZLE[0],ZLW[5],167,0.0167,82.83247352884591,0.0028669769206827347,0.06111066064392108,106.1437125748503
ZLE[7],ZLE[4],205,0.0205,86.11454923804034,0.00284651740620173,0.06067455861695034,92.94146341463414
ZLW[5],ZLN[2],239,0.0239,88.1099066262799,0.0028417323163191064,0.06057256267765341,80.59414225941423
ZLE[0],ZLE[5],171,0.0171,83.44020802329788,0.0028317244280160634,0.06035924088163983,113.63157894736842
ZLE[0],ZLS[5],192,0.0192,85.54958696525534,0.002774479302670974,0.059139040117815955,89.53125
ZLE[4],ZLN[1],194,0.0194,85.95778841498361,0.002724189047493179,0.05806708495288405,98.44329896907216
ZLE[0],ZSSA[1],156,0.0156,83.22295804740762,0.0026172185446044116,0.05578696959730305,105.81410256410257
ZLE[4],ZLW[1],160,0.016,83.71804539231118,0.0026051127372302115,0.05552892988971823,101.15625
ZLE[4],ZSSA[5],135,0.0135,80.77538349137447,0.002595323228664446,0.05532026293759962,126.12592592592593
ZLE[0],ZLN[5],175,0.0175,85.24222446628384,0.002582610718400327,0.055049291136229854,95.73142857142857
ZLE[4],ZLS[1],184,0.0184,86.00480968013497,0.0025751150188551655,0.054889517561532195,93.6304347826087
ZLE[0],ZLW[4],185,0.0185,86.09027637728443,0.002573298870202382,0.054850805689386134,98.04324324324324
ZLW[2],ZSNA[3],138,0.0138,81.84904997342039,0.002504831103667986,0.053391390227913116,102.15942028985508
ZLW[4],ZLN[1],170,0.017,85.36096809538857,0.002488635423783943,0.05304617339336126,94.04117647058824
ZLW[5],ZLW[2],224,0.0224,88.99744530841481,0.0024645722509150816,0.05253325807109392,73.87946428571429
ZLW[4],ZLS[1],181,0.0181,86.44747119859304,0.002453007713054662,0.0522867557209726,85.07734806629834
ZLW[5],ZLS[3],176,0.0176,86.37189802733185,0.002398545947189594,0.05112588328149154,92.35795454545455
ZLE[7],ZLN[5],136,0.0136,82.4775451471994,0.002383053859980883,0.05079566378190376,123.44117647058823
ZLW[7],ZLS[4],208,0.0208,88.57760290195563,0.002375858596393228,0.05064229410941821,76.625
