category,value,count,share,denominator,numeric_value,unit,definition
block_bbox,related,477308,0.477308,1000000,,requests,closed endpoint axis-aligned bounding box intersects a configured Block rectangle
block_bbox,not_related,522692,0.522692,1000000,,requests,closed endpoint axis-aligned bounding box intersects a configured Block rectangle
block_count,0,522692,0.522692,1000000,,requests,Number of Block rectangles intersecting endpoint bbox
block_count,1,163061,0.163061,1000000,,requests,Number of Block rectangles intersecting endpoint bbox
block_count,2,125657,0.125657,1000000,,requests,Number of Block rectangles intersecting endpoint bbox
block_count,3,92997,0.092997,1000000,,requests,Number of Block rectangles intersecting endpoint bbox
block_count,4,59573,0.059573,1000000,,requests,Number of Block rectangles intersecting endpoint bbox
block_count,5,28126,0.028126,1000000,,requests,Number of Block rectangles intersecting endpoint bbox
block_count,6,7220,0.00722,1000000,,requests,Number of Block rectangles intersecting endpoint bbox
block_count,7,674,0.000674,1000000,,requests,Number of Block rectangles intersecting endpoint bbox
block_id,0,38471,0.038471,1000000,,requests,Block category=neither_crossable
block_0_source_position,left_below,0,0.0,1000000,,requests,Source position relative to Block x/y bounds
block_0_source_position,left_inside_y,0,0.0,1000000,,requests,Source position relative to Block x/y bounds
block_0_source_position,left_above,0,0.0,1000000,,requests,Source position relative to Block x/y bounds
block_0_source_position,inside_x_below,0,0.0,1000000,,requests,Source position relative to Block x/y bounds
block_0_source_position,inside_x_inside_y,0,0.0,1000000,,requests,Source position relative to Block x/y bounds
block_0_source_position,inside_x_above,119919,0.119919,1000000,,requests,Source position relative to Block x/y bounds
block_0_source_position,right_below,0,0.0,1000000,,requests,Source position relative to Block x/y bounds
block_0_source_position,right_inside_y,161481,0.161481,1000000,,requests,Source position relative to Block x/y bounds
block_0_source_position,right_above,718600,0.7186,1000000,,requests,Source position relative to Block x/y bounds
block_0_target_position,left_below,0,0.0,1000000,,requests,Target position relative to Block x/y bounds
block_0_target_position,left_inside_y,0,0.0,1000000,,requests,Target position relative to Block x/y bounds
block_0_target_position,left_above,0,0.0,1000000,,requests,Target position relative to Block x/y bounds
block_0_target_position,inside_x_below,0,0.0,1000000,,requests,Target position relative to Block x/y bounds
block_0_target_position,inside_x_inside_y,0,0.0,1000000,,requests,Target position relative to Block x/y bounds
block_0_target_position,inside_x_above,119817,0.119817,1000000,,requests,Target position relative to Block x/y bounds
block_0_target_position,right_below,0,0.0,1000000,,requests,Target position relative to Block x/y bounds
block_0_target_position,right_inside_y,161223,0.161223,1000000,,requests,Target position relative to Block x/y bounds
block_0_target_position,right_above,718960,0.71896,1000000,,requests,Target position relative to Block x/y bounds
block_0_bbox_relation,intersects,38471,0.038471,1000000,,requests,Non-intersecting bbox relations can overlap at corners
block_0_bbox_relation,block_left_of_bbox,774690,0.77469,1000000,,requests,Non-intersecting bbox relations can overlap at corners
block_0_bbox_relation,block_right_of_bbox,0,0.0,1000000,,requests,Non-intersecting bbox relations can overlap at corners
block_0_bbox_relation,block_below_bbox,703365,0.703365,1000000,,requests,Non-intersecting bbox relations can overlap at corners
block_0_bbox_relation,block_above_bbox,0,0.0,1000000,,requests,Non-intersecting bbox relations can overlap at corners
block_id,1,66830,0.06683,1000000,,requests,Block category=horizontal_only
block_1_source_position,left_below,0,0.0,1000000,,requests,Source position relative to Block x/y bounds
block_1_source_position,left_inside_y,50002,0.050002,1000000,,requests,Source position relative to Block x/y bounds
block_1_source_position,left_above,617797,0.617797,1000000,,requests,Source position relative to Block x/y bounds
block_1_source_position,inside_x_below,0,0.0,1000000,,requests,Source position relative to Block x/y bounds
block_1_source_position,inside_x_inside_y,0,0.0,1000000,,requests,Source position relative to Block x/y bounds
block_1_source_position,inside_x_above,58487,0.058487,1000000,,requests,Source position relative to Block x/y bounds
block_1_source_position,right_below,0,0.0,1000000,,requests,Source position relative to Block x/y bounds
block_1_source_position,right_inside_y,24882,0.024882,1000000,,requests,Source position relative to Block x/y bounds
block_1_source_position,right_above,248832,0.248832,1000000,,requests,Source position relative to Block x/y bounds
block_1_target_position,left_below,0,0.0,1000000,,requests,Target position relative to Block x/y bounds
block_1_target_position,left_inside_y,49908,0.049908,1000000,,requests,Target position relative to Block x/y bounds
block_1_target_position,left_above,617058,0.617058,1000000,,requests,Target position relative to Block x/y bounds
block_1_target_position,inside_x_below,0,0.0,1000000,,requests,Target position relative to Block x/y bounds
block_1_target_position,inside_x_inside_y,0,0.0,1000000,,requests,Target position relative to Block x/y bounds
block_1_target_position,inside_x_above,58160,0.05816,1000000,,requests,Target position relative to Block x/y bounds
block_1_target_position,right_below,0,0.0,1000000,,requests,Target position relative to Block x/y bounds
block_1_target_position,right_inside_y,25087,0.025087,1000000,,requests,Target position relative to Block x/y bounds
block_1_target_position,right_above,249787,0.249787,1000000,,requests,Target position relative to Block x/y bounds
block_1_bbox_relation,intersects,66830,0.06683,1000000,,requests,Non-intersecting bbox relations can overlap at corners
block_1_bbox_relation,block_left_of_bbox,75094,0.075094,1000000,,requests,Non-intersecting bbox relations can overlap at corners
block_1_bbox_relation,block_right_of_bbox,445441,0.445441,1000000,,requests,Non-intersecting bbox relations can overlap at corners
block_1_bbox_relation,block_below_bbox,855823,0.855823,1000000,,requests,Non-intersecting bbox relations can overlap at corners
block_1_bbox_relation,block_above_bbox,0,0.0,1000000,,requests,Non-intersecting bbox relations can overlap at corners
block_id,2,197127,0.197127,1000000,,requests,Block category=horizontal_only
block_2_source_position,left_below,99751,0.099751,1000000,,requests,Source position relative to Block x/y bounds
block_2_source_position,left_inside_y,63152,0.063152,1000000,,requests,Source position relative to Block x/y bounds
block_2_source_position,left_above,504896,0.504896,1000000,,requests,Source position relative to Block x/y bounds
block_2_source_position,inside_x_below,11674,0.011674,1000000,,requests,Source position relative to Block x/y bounds
block_2_source_position,inside_x_inside_y,0,0.0,1000000,,requests,Source position relative to Block x/y bounds
block_2_source_position,inside_x_above,46813,0.046813,1000000,,requests,Source position relative to Block x/y bounds
block_2_source_position,right_below,50056,0.050056,1000000,,requests,Source position relative to Block x/y bounds
block_2_source_position,right_inside_y,24798,0.024798,1000000,,requests,Source position relative to Block x/y bounds
block_2_source_position,right_above,198860,0.19886,1000000,,requests,Source position relative to Block x/y bounds
block_2_target_position,left_below,99349,0.099349,1000000,,requests,Target position relative to Block x/y bounds
block_2_target_position,left_inside_y,63172,0.063172,1000000,,requests,Target position relative to Block x/y bounds
block_2_target_position,left_above,504445,0.504445,1000000,,requests,Target position relative to Block x/y bounds
block_2_target_position,inside_x_below,11560,0.01156,1000000,,requests,Target position relative to Block x/y bounds
block_2_target_position,inside_x_inside_y,0,0.0,1000000,,requests,Target position relative to Block x/y bounds
block_2_target_position,inside_x_above,46600,0.0466,1000000,,requests,Target position relative to Block x/y bounds
block_2_target_position,right_below,50314,0.050314,1000000,,requests,Target position relative to Block x/y bounds
block_2_target_position,right_inside_y,24979,0.024979,1000000,,requests,Target position relative to Block x/y bounds
block_2_target_position,right_above,199581,0.199581,1000000,,requests,Target position relative to Block x/y bounds
block_2_bbox_relation,intersects,197127,0.197127,1000000,,requests,Non-intersecting bbox relations can overlap at corners
block_2_bbox_relation,block_left_of_bbox,75094,0.075094,1000000,,requests,Non-intersecting bbox relations can overlap at corners
block_2_bbox_relation,block_right_of_bbox,445441,0.445441,1000000,,requests,Non-intersecting bbox relations can overlap at corners
block_2_bbox_relation,block_below_bbox,563336,0.563336,1000000,,requests,Non-intersecting bbox relations can overlap at corners
block_2_bbox_relation,block_above_bbox,26069,0.026069,1000000,,requests,Non-intersecting bbox relations can overlap at corners
block_id,3,267052,0.267052,1000000,,requests,Block category=horizontal_only
block_3_source_position,left_below,226017,0.226017,1000000,,requests,Source position relative to Block x/y bounds
block_3_source_position,left_inside_y,63549,0.063549,1000000,,requests,Source position relative to Block x/y bounds
block_3_source_position,left_above,378233,0.378233,1000000,,requests,Source position relative to Block x/y bounds
block_3_source_position,inside_x_below,23447,0.023447,1000000,,requests,Source position relative to Block x/y bounds
block_3_source_position,inside_x_inside_y,0,0.0,1000000,,requests,Source position relative to Block x/y bounds
block_3_source_position,inside_x_above,35040,0.03504,1000000,,requests,Source position relative to Block x/y bounds
block_3_source_position,right_below,99831,0.099831,1000000,,requests,Source position relative to Block x/y bounds
block_3_source_position,right_inside_y,24924,0.024924,1000000,,requests,Source position relative to Block x/y bounds
block_3_source_position,right_above,148959,0.148959,1000000,,requests,Source position relative to Block x/y bounds
block_3_target_position,left_below,225971,0.225971,1000000,,requests,Target position relative to Block x/y bounds
block_3_target_position,left_inside_y,63077,0.063077,1000000,,requests,Target position relative to Block x/y bounds
block_3_target_position,left_above,377918,0.377918,1000000,,requests,Target position relative to Block x/y bounds
block_3_target_position,inside_x_below,23028,0.023028,1000000,,requests,Target position relative to Block x/y bounds
block_3_target_position,inside_x_inside_y,0,0.0,1000000,,requests,Target position relative to Block x/y bounds
block_3_target_position,inside_x_above,35132,0.035132,1000000,,requests,Target position relative to Block x/y bounds
block_3_target_position,right_below,100120,0.10012,1000000,,requests,Target position relative to Block x/y bounds
block_3_target_position,right_inside_y,24856,0.024856,1000000,,requests,Target position relative to Block x/y bounds
block_3_target_position,right_above,149898,0.149898,1000000,,requests,Target position relative to Block x/y bounds
block_3_bbox_relation,intersects,267052,0.267052,1000000,,requests,Non-intersecting bbox relations can overlap at corners
block_3_bbox_relation,block_left_of_bbox,75094,0.075094,1000000,,requests,Non-intersecting bbox relations can overlap at corners
block_3_bbox_relation,block_right_of_bbox,445441,0.445441,1000000,,requests,Non-intersecting bbox relations can overlap at corners
block_3_bbox_relation,block_below_bbox,316923,0.316923,1000000,,requests,Non-intersecting bbox relations can overlap at corners
block_3_bbox_relation,block_above_bbox,122202,0.122202,1000000,,requests,Non-intersecting bbox relations can overlap at corners
block_id,4,270299,0.270299,1000000,,requests,Block category=horizontal_only
block_4_source_position,left_below,352591,0.352591,1000000,,requests,Source position relative to Block x/y bounds
block_4_source_position,left_inside_y,63143,0.063143,1000000,,requests,Source position relative to Block x/y bounds
block_4_source_position,left_above,252065,0.252065,1000000,,requests,Source position relative to Block x/y bounds
block_4_source_position,inside_x_below,35078,0.035078,1000000,,requests,Source position relative to Block x/y bounds
block_4_source_position,inside_x_inside_y,0,0.0,1000000,,requests,Source position relative to Block x/y bounds
block_4_source_position,inside_x_above,23409,0.023409,1000000,,requests,Source position relative to Block x/y bounds
block_4_source_position,right_below,149674,0.149674,1000000,,requests,Source position relative to Block x/y bounds
block_4_source_position,right_inside_y,24625,0.024625,1000000,,requests,Source position relative to Block x/y bounds
block_4_source_position,right_above,99415,0.099415,1000000,,requests,Source position relative to Block x/y bounds
block_4_target_position,left_below,351818,0.351818,1000000,,requests,Target position relative to Block x/y bounds
block_4_target_position,left_inside_y,63117,0.063117,1000000,,requests,Target position relative to Block x/y bounds
block_4_target_position,left_above,252031,0.252031,1000000,,requests,Target position relative to Block x/y bounds
block_4_target_position,inside_x_below,34810,0.03481,1000000,,requests,Target position relative to Block x/y bounds
block_4_target_position,inside_x_inside_y,0,0.0,1000000,,requests,Target position relative to Block x/y bounds
block_4_target_position,inside_x_above,23350,0.02335,1000000,,requests,Target position relative to Block x/y bounds
block_4_target_position,right_below,149962,0.149962,1000000,,requests,Target position relative to Block x/y bounds
block_4_target_position,right_inside_y,25117,0.025117,1000000,,requests,Target position relative to Block x/y bounds
block_4_target_position,right_above,99795,0.099795,1000000,,requests,Target position relative to Block x/y bounds
block_4_bbox_relation,intersects,270299,0.270299,1000000,,requests,Non-intersecting bbox relations can overlap at corners
block_4_bbox_relation,block_left_of_bbox,75094,0.075094,1000000,,requests,Non-intersecting bbox relations can overlap at corners
block_4_bbox_relation,block_right_of_bbox,445441,0.445441,1000000,,requests,Non-intersecting bbox relations can overlap at corners
block_4_bbox_relation,block_below_bbox,140942,0.140942,1000000,,requests,Non-intersecting bbox relations can overlap at corners
block_4_bbox_relation,block_above_bbox,288414,0.288414,1000000,,requests,Non-intersecting bbox relations can overlap at corners
block_id,5,205944,0.205944,1000000,,requests,Block category=horizontal_only
block_5_source_position,left_below,479004,0.479004,1000000,,requests,Source position relative to Block x/y bounds
block_5_source_position,left_inside_y,62855,0.062855,1000000,,requests,Source position relative to Block x/y bounds
block_5_source_position,left_above,125940,0.12594,1000000,,requests,Source position relative to Block x/y bounds
block_5_source_position,inside_x_below,46714,0.046714,1000000,,requests,Source position relative to Block x/y bounds
block_5_source_position,inside_x_inside_y,0,0.0,1000000,,requests,Source position relative to Block x/y bounds
block_5_source_position,inside_x_above,11773,0.011773,1000000,,requests,Source position relative to Block x/y bounds
block_5_source_position,right_below,199154,0.199154,1000000,,requests,Source position relative to Block x/y bounds
block_5_source_position,right_inside_y,24749,0.024749,1000000,,requests,Source position relative to Block x/y bounds
block_5_source_position,right_above,49811,0.049811,1000000,,requests,Source position relative to Block x/y bounds
block_5_target_position,left_below,477777,0.477777,1000000,,requests,Target position relative to Block x/y bounds
block_5_target_position,left_inside_y,63463,0.063463,1000000,,requests,Target position relative to Block x/y bounds
block_5_target_position,left_above,125726,0.125726,1000000,,requests,Target position relative to Block x/y bounds
block_5_target_position,inside_x_below,46553,0.046553,1000000,,requests,Target position relative to Block x/y bounds
block_5_target_position,inside_x_inside_y,0,0.0,1000000,,requests,Target position relative to Block x/y bounds
block_5_target_position,inside_x_above,11607,0.011607,1000000,,requests,Target position relative to Block x/y bounds
block_5_target_position,right_below,199697,0.199697,1000000,,requests,Target position relative to Block x/y bounds
block_5_target_position,right_inside_y,24998,0.024998,1000000,,requests,Target position relative to Block x/y bounds
block_5_target_position,right_above,50179,0.050179,1000000,,requests,Target position relative to Block x/y bounds
block_5_bbox_relation,intersects,205944,0.205944,1000000,,requests,Non-intersecting bbox relations can overlap at corners
block_5_bbox_relation,block_left_of_bbox,75094,0.075094,1000000,,requests,Non-intersecting bbox relations can overlap at corners
block_5_bbox_relation,block_right_of_bbox,445441,0.445441,1000000,,requests,Non-intersecting bbox relations can overlap at corners
block_5_bbox_relation,block_below_bbox,35153,0.035153,1000000,,requests,Non-intersecting bbox relations can overlap at corners
block_5_bbox_relation,block_above_bbox,524924,0.524924,1000000,,requests,Non-intersecting bbox relations can overlap at corners
block_id,6,74603,0.074603,1000000,,requests,Block category=horizontal_only
block_6_source_position,left_below,604981,0.604981,1000000,,requests,Source position relative to Block x/y bounds
block_6_source_position,left_inside_y,62818,0.062818,1000000,,requests,Source position relative to Block x/y bounds
block_6_source_position,left_above,0,0.0,1000000,,requests,Source position relative to Block x/y bounds
block_6_source_position,inside_x_below,58487,0.058487,1000000,,requests,Source position relative to Block x/y bounds
block_6_source_position,inside_x_inside_y,0,0.0,1000000,,requests,Source position relative to Block x/y bounds
block_6_source_position,inside_x_above,0,0.0,1000000,,requests,Source position relative to Block x/y bounds
block_6_source_position,right_below,248978,0.248978,1000000,,requests,Source position relative to Block x/y bounds
block_6_source_position,right_inside_y,24736,0.024736,1000000,,requests,Source position relative to Block x/y bounds
block_6_source_position,right_above,0,0.0,1000000,,requests,Source position relative to Block x/y bounds
block_6_target_position,left_below,603750,0.60375,1000000,,requests,Target position relative to Block x/y bounds
block_6_target_position,left_inside_y,63216,0.063216,1000000,,requests,Target position relative to Block x/y bounds
block_6_target_position,left_above,0,0.0,1000000,,requests,Target position relative to Block x/y bounds
block_6_target_position,inside_x_below,58160,0.05816,1000000,,requests,Target position relative to Block x/y bounds
block_6_target_position,inside_x_inside_y,0,0.0,1000000,,requests,Target position relative to Block x/y bounds
block_6_target_position,inside_x_above,0,0.0,1000000,,requests,Target position relative to Block x/y bounds
block_6_target_position,right_below,249969,0.249969,1000000,,requests,Target position relative to Block x/y bounds
block_6_target_position,right_inside_y,24905,0.024905,1000000,,requests,Target position relative to Block x/y bounds
block_6_target_position,right_above,0,0.0,1000000,,requests,Target position relative to Block x/y bounds
block_6_bbox_relation,intersects,74603,0.074603,1000000,,requests,Non-intersecting bbox relations can overlap at corners
block_6_bbox_relation,block_left_of_bbox,75094,0.075094,1000000,,requests,Non-intersecting bbox relations can overlap at corners
block_6_bbox_relation,block_right_of_bbox,445441,0.445441,1000000,,requests,Non-intersecting bbox relations can overlap at corners
block_6_bbox_relation,block_below_bbox,0,0.0,1000000,,requests,Non-intersecting bbox relations can overlap at corners
block_6_bbox_relation,block_above_bbox,832033,0.832033,1000000,,requests,Non-intersecting bbox relations can overlap at corners
block_crossability_category,horizontal_only,453658,0.453658,1000000,,requests,Request bbox intersects at least one Block of this crossability category
block_crossability_category,vertical_only,0,0.0,1000000,,requests,Request bbox intersects at least one Block of this crossability category
block_crossability_category,both_crossable,0,0.0,1000000,,requests,Request bbox intersects at least one Block of this crossability category
block_crossability_category,neither_crossable,38471,0.038471,1000000,,requests,Request bbox intersects at least one Block of this crossability category
candidate_direct_one_net,exists,19,1.9e-05,1000000,,requests,zero/one source Arc + exactly one Net + zero/one target Arc connects endpoints under baseline Block counting
candidate_direct_one_net,intersects_block,0,0.0,1000000,,requests,zero/one source Arc + exactly one Net + zero/one target Arc connects endpoints under baseline Block counting
gap_endpoint_span,related,984696,0.984696,1000000,,requests,endpoint coordinate span crosses at least one configured Gap Line; not necessarily the exact path crossing count
gap_direction,none,15304,0.015304,1000000,,requests,Gap Line directions crossed by endpoint span
gap_direction,horizontal_only,69280,0.06928,1000000,,requests,Gap Line directions crossed by endpoint span
gap_direction,vertical_only,161907,0.161907,1000000,,requests,Gap Line directions crossed by endpoint span
gap_direction,both,753509,0.753509,1000000,,requests,Gap Line directions crossed by endpoint span
gap_line_count,0,15304,0.015304,1000000,,requests,Configured Gap Lines crossed by endpoint span
gap_line_count,1,48423,0.048423,1000000,,requests,Configured Gap Lines crossed by endpoint span
gap_line_count,2,78353,0.078353,1000000,,requests,Configured Gap Lines crossed by endpoint span
gap_line_count,3,97366,0.097366,1000000,,requests,Configured Gap Lines crossed by endpoint span
gap_line_count,4,104322,0.104322,1000000,,requests,Configured Gap Lines crossed by endpoint span
gap_line_count,5,101711,0.101711,1000000,,requests,Configured Gap Lines crossed by endpoint span
gap_line_count,6,92421,0.092421,1000000,,requests,Configured Gap Lines crossed by endpoint span
gap_line_count,7,85638,0.085638,1000000,,requests,Configured Gap Lines crossed by endpoint span
gap_line_count,8,80336,0.080336,1000000,,requests,Configured Gap Lines crossed by endpoint span
gap_line_count,9,73392,0.073392,1000000,,requests,Configured Gap Lines crossed by endpoint span
gap_line_count,10,63572,0.063572,1000000,,requests,Configured Gap Lines crossed by endpoint span
gap_line_count,11,50914,0.050914,1000000,,requests,Configured Gap Lines crossed by endpoint span
gap_line_count,12,40450,0.04045,1000000,,requests,Configured Gap Lines crossed by endpoint span
gap_line_count,13,29373,0.029373,1000000,,requests,Configured Gap Lines crossed by endpoint span
gap_line_count,14,19460,0.01946,1000000,,requests,Configured Gap Lines crossed by endpoint span
gap_line_count,15,11244,0.011244,1000000,,requests,Configured Gap Lines crossed by endpoint span
gap_line_count,16,5287,0.005287,1000000,,requests,Configured Gap Lines crossed by endpoint span
gap_line_count,17,1882,0.001882,1000000,,requests,Configured Gap Lines crossed by endpoint span
gap_line_count,18,500,0.0005,1000000,,requests,Configured Gap Lines crossed by endpoint span
gap_line_count,19,52,5.2e-05,1000000,,requests,Configured Gap Lines crossed by endpoint span
gap_endpoint_prefix_delay,0,15304,0.015304,1000000,0,ps,Endpoint-span Gap prefix delay used by current V3
gap_endpoint_prefix_delay,8,26013,0.026013,1000000,8,ps,Endpoint-span Gap prefix delay used by current V3
gap_endpoint_prefix_delay,9,4886,0.004886,1000000,9,ps,Endpoint-span Gap prefix delay used by current V3
gap_endpoint_prefix_delay,16,19357,0.019357,1000000,16,ps,Endpoint-span Gap prefix delay used by current V3
gap_endpoint_prefix_delay,17,8252,0.008252,1000000,17,ps,Endpoint-span Gap prefix delay used by current V3
gap_endpoint_prefix_delay,24,13814,0.013814,1000000,24,ps,Endpoint-span Gap prefix delay used by current V3
gap_endpoint_prefix_delay,25,6372,0.006372,1000000,25,ps,Endpoint-span Gap prefix delay used by current V3
gap_endpoint_prefix_delay,32,7864,0.007864,1000000,32,ps,Endpoint-span Gap prefix delay used by current V3
gap_endpoint_prefix_delay,33,4618,0.004618,1000000,33,ps,Endpoint-span Gap prefix delay used by current V3
gap_endpoint_prefix_delay,40,2232,0.002232,1000000,40,ps,Endpoint-span Gap prefix delay used by current V3
gap_endpoint_prefix_delay,41,2817,0.002817,1000000,41,ps,Endpoint-span Gap prefix delay used by current V3
gap_endpoint_prefix_delay,49,935,0.000935,1000000,49,ps,Endpoint-span Gap prefix delay used by current V3
gap_endpoint_prefix_delay,78,13613,0.013613,1000000,78,ps,Endpoint-span Gap prefix delay used by current V3
gap_endpoint_prefix_delay,86,23221,0.023221,1000000,86,ps,Endpoint-span Gap prefix delay used by current V3
gap_endpoint_prefix_delay,87,8527,0.008527,1000000,87,ps,Endpoint-span Gap prefix delay used by current V3
gap_endpoint_prefix_delay,94,17959,0.017959,1000000,94,ps,Endpoint-span Gap prefix delay used by current V3
gap_endpoint_prefix_delay,95,14842,0.014842,1000000,95,ps,Endpoint-span Gap prefix delay used by current V3
gap_endpoint_prefix_delay,96,354,0.000354,1000000,96,ps,Endpoint-span Gap prefix delay used by current V3
gap_endpoint_prefix_delay,98,3265,0.003265,1000000,98,ps,Endpoint-span Gap prefix delay used by current V3
gap_endpoint_prefix_delay,102,12285,0.012285,1000000,102,ps,Endpoint-span Gap prefix delay used by current V3
gap_endpoint_prefix_delay,103,11591,0.011591,1000000,103,ps,Endpoint-span Gap prefix delay used by current V3
gap_endpoint_prefix_delay,104,581,0.000581,1000000,104,ps,Endpoint-span Gap prefix delay used by current V3
gap_endpoint_prefix_delay,106,5523,0.005523,1000000,106,ps,Endpoint-span Gap prefix delay used by current V3
gap_endpoint_prefix_delay,107,1060,0.00106,1000000,107,ps,Endpoint-span Gap prefix delay used by current V3
gap_endpoint_prefix_delay,110,6713,0.006713,1000000,110,ps,Endpoint-span Gap prefix delay used by current V3
gap_endpoint_prefix_delay,111,7987,0.007987,1000000,111,ps,Endpoint-span Gap prefix delay used by current V3
gap_endpoint_prefix_delay,112,456,0.000456,1000000,112,ps,Endpoint-span Gap prefix delay used by current V3
gap_endpoint_prefix_delay,114,4364,0.004364,1000000,114,ps,Endpoint-span Gap prefix delay used by current V3
gap_endpoint_prefix_delay,115,1791,0.001791,1000000,115,ps,Endpoint-span Gap prefix delay used by current V3
gap_endpoint_prefix_delay,118,2038,0.002038,1000000,118,ps,Endpoint-span Gap prefix delay used by current V3
gap_endpoint_prefix_delay,119,4789,0.004789,1000000,119,ps,Endpoint-span Gap prefix delay used by current V3
gap_endpoint_prefix_delay,120,325,0.000325,1000000,120,ps,Endpoint-span Gap prefix delay used by current V3
gap_endpoint_prefix_delay,122,3096,0.003096,1000000,122,ps,Endpoint-span Gap prefix delay used by current V3
gap_endpoint_prefix_delay,123,1394,0.001394,1000000,123,ps,Endpoint-span Gap prefix delay used by current V3
gap_endpoint_prefix_delay,127,1406,0.001406,1000000,127,ps,Endpoint-span Gap prefix delay used by current V3
gap_endpoint_prefix_delay,128,211,0.000211,1000000,128,ps,Endpoint-span Gap prefix delay used by current V3
gap_endpoint_prefix_delay,130,1783,0.001783,1000000,130,ps,Endpoint-span Gap prefix delay used by current V3
gap_endpoint_prefix_delay,131,1012,0.001012,1000000,131,ps,Endpoint-span Gap prefix delay used by current V3
gap_endpoint_prefix_delay,136,61,6.1e-05,1000000,136,ps,Endpoint-span Gap prefix delay used by current V3
gap_endpoint_prefix_delay,138,525,0.000525,1000000,138,ps,Endpoint-span Gap prefix delay used by current V3
gap_endpoint_prefix_delay,139,606,0.000606,1000000,139,ps,Endpoint-span Gap prefix delay used by current V3
gap_endpoint_prefix_delay,147,195,0.000195,1000000,147,ps,Endpoint-span Gap prefix delay used by current V3
gap_endpoint_prefix_delay,156,5510,0.00551,1000000,156,ps,Endpoint-span Gap prefix delay used by current V3
gap_endpoint_prefix_delay,164,9599,0.009599,1000000,164,ps,Endpoint-span Gap prefix delay used by current V3
gap_endpoint_prefix_delay,165,5539,0.005539,1000000,165,ps,Endpoint-span Gap prefix delay used by current V3
gap_endpoint_prefix_delay,172,7405,0.007405,1000000,172,ps,Endpoint-span Gap prefix delay used by current V3
gap_endpoint_prefix_delay,173,9335,0.009335,1000000,173,ps,Endpoint-span Gap prefix delay used by current V3
gap_endpoint_prefix_delay,176,1778,0.001778,1000000,176,ps,Endpoint-span Gap prefix delay used by current V3
gap_endpoint_prefix_delay,177,646,0.000646,1000000,177,ps,Endpoint-span Gap prefix delay used by current V3
gap_endpoint_prefix_delay,180,5047,0.005047,1000000,180,ps,Endpoint-span Gap prefix delay used by current V3
gap_endpoint_prefix_delay,181,7405,0.007405,1000000,181,ps,Endpoint-span Gap prefix delay used by current V3
gap_endpoint_prefix_delay,184,2965,0.002965,1000000,184,ps,Endpoint-span Gap prefix delay used by current V3
gap_endpoint_prefix_delay,185,6219,0.006219,1000000,185,ps,Endpoint-span Gap prefix delay used by current V3
gap_endpoint_prefix_delay,186,712,0.000712,1000000,186,ps,Endpoint-span Gap prefix delay used by current V3
gap_endpoint_prefix_delay,188,2718,0.002718,1000000,188,ps,Endpoint-span Gap prefix delay used by current V3
gap_endpoint_prefix_delay,189,5060,0.00506,1000000,189,ps,Endpoint-span Gap prefix delay used by current V3
gap_endpoint_prefix_delay,192,2340,0.00234,1000000,192,ps,Endpoint-span Gap prefix delay used by current V3
gap_endpoint_prefix_delay,193,9615,0.009615,1000000,193,ps,Endpoint-span Gap prefix delay used by current V3
gap_endpoint_prefix_delay,194,1191,0.001191,1000000,194,ps,Endpoint-span Gap prefix delay used by current V3
gap_endpoint_prefix_delay,196,794,0.000794,1000000,196,ps,Endpoint-span Gap prefix delay used by current V3
gap_endpoint_prefix_delay,197,2790,0.00279,1000000,197,ps,Endpoint-span Gap prefix delay used by current V3
gap_endpoint_prefix_delay,200,1678,0.001678,1000000,200,ps,Endpoint-span Gap prefix delay used by current V3
gap_endpoint_prefix_delay,201,7356,0.007356,1000000,201,ps,Endpoint-span Gap prefix delay used by current V3
gap_endpoint_prefix_delay,202,957,0.000957,1000000,202,ps,Endpoint-span Gap prefix delay used by current V3
gap_endpoint_prefix_delay,205,841,0.000841,1000000,205,ps,Endpoint-span Gap prefix delay used by current V3
gap_endpoint_prefix_delay,208,997,0.000997,1000000,208,ps,Endpoint-span Gap prefix delay used by current V3
gap_endpoint_prefix_delay,209,5000,0.005,1000000,209,ps,Endpoint-span Gap prefix delay used by current V3
gap_endpoint_prefix_delay,210,649,0.000649,1000000,210,ps,Endpoint-span Gap prefix delay used by current V3
gap_endpoint_prefix_delay,216,321,0.000321,1000000,216,ps,Endpoint-span Gap prefix delay used by current V3
gap_endpoint_prefix_delay,217,2838,0.002838,1000000,217,ps,Endpoint-span Gap prefix delay used by current V3
gap_endpoint_prefix_delay,218,375,0.000375,1000000,218,ps,Endpoint-span Gap prefix delay used by current V3
gap_endpoint_prefix_delay,225,813,0.000813,1000000,225,ps,Endpoint-span Gap prefix delay used by current V3
gap_endpoint_prefix_delay,226,160,0.00016,1000000,226,ps,Endpoint-span Gap prefix delay used by current V3
gap_endpoint_prefix_delay,234,1003,0.001003,1000000,234,ps,Endpoint-span Gap prefix delay used by current V3
gap_endpoint_prefix_delay,242,1802,0.001802,1000000,242,ps,Endpoint-span Gap prefix delay used by current V3
gap_endpoint_prefix_delay,243,5486,0.005486,1000000,243,ps,Endpoint-span Gap prefix delay used by current V3
gap_endpoint_prefix_delay,250,1415,0.001415,1000000,250,ps,Endpoint-span Gap prefix delay used by current V3
gap_endpoint_prefix_delay,251,9578,0.009578,1000000,251,ps,Endpoint-span Gap prefix delay used by current V3
gap_endpoint_prefix_delay,254,1036,0.001036,1000000,254,ps,Endpoint-span Gap prefix delay used by current V3
gap_endpoint_prefix_delay,258,971,0.000971,1000000,258,ps,Endpoint-span Gap prefix delay used by current V3
gap_endpoint_prefix_delay,259,7225,0.007225,1000000,259,ps,Endpoint-span Gap prefix delay used by current V3
gap_endpoint_prefix_delay,262,1797,0.001797,1000000,262,ps,Endpoint-span Gap prefix delay used by current V3
gap_endpoint_prefix_delay,263,4234,0.004234,1000000,263,ps,Endpoint-span Gap prefix delay used by current V3
gap_endpoint_prefix_delay,264,700,0.0007,1000000,264,ps,Endpoint-span Gap prefix delay used by current V3
gap_endpoint_prefix_delay,266,604,0.000604,1000000,266,ps,Endpoint-span Gap prefix delay used by current V3
gap_endpoint_prefix_delay,267,5089,0.005089,1000000,267,ps,Endpoint-span Gap prefix delay used by current V3
gap_endpoint_prefix_delay,270,1381,0.001381,1000000,270,ps,Endpoint-span Gap prefix delay used by current V3
gap_endpoint_prefix_delay,271,7413,0.007413,1000000,271,ps,Endpoint-span Gap prefix delay used by current V3
gap_endpoint_prefix_delay,272,1132,0.001132,1000000,272,ps,Endpoint-span Gap prefix delay used by current V3
gap_endpoint_prefix_delay,273,213,0.000213,1000000,273,ps,Endpoint-span Gap prefix delay used by current V3
gap_endpoint_prefix_delay,274,196,0.000196,1000000,274,ps,Endpoint-span Gap prefix delay used by current V3
gap_endpoint_prefix_delay,275,6110,0.00611,1000000,275,ps,Endpoint-span Gap prefix delay used by current V3
gap_endpoint_prefix_delay,278,1013,0.001013,1000000,278,ps,Endpoint-span Gap prefix delay used by current V3
gap_endpoint_prefix_delay,279,5605,0.005605,1000000,279,ps,Endpoint-span Gap prefix delay used by current V3
gap_endpoint_prefix_delay,280,884,0.000884,1000000,280,ps,Endpoint-span Gap prefix delay used by current V3
gap_endpoint_prefix_delay,281,405,0.000405,1000000,281,ps,Endpoint-span Gap prefix delay used by current V3
gap_endpoint_prefix_delay,283,7145,0.007145,1000000,283,ps,Endpoint-span Gap prefix delay used by current V3
gap_endpoint_prefix_delay,284,3289,0.003289,1000000,284,ps,Endpoint-span Gap prefix delay used by current V3
gap_endpoint_prefix_delay,286,644,0.000644,1000000,286,ps,Endpoint-span Gap prefix delay used by current V3
gap_endpoint_prefix_delay,287,4072,0.004072,1000000,287,ps,Endpoint-span Gap prefix delay used by current V3
gap_endpoint_prefix_delay,288,665,0.000665,1000000,288,ps,Endpoint-span Gap prefix delay used by current V3
gap_endpoint_prefix_delay,289,313,0.000313,1000000,289,ps,Endpoint-span Gap prefix delay used by current V3
gap_endpoint_prefix_delay,291,5504,0.005504,1000000,291,ps,Endpoint-span Gap prefix delay used by current V3
gap_endpoint_prefix_delay,292,5708,0.005708,1000000,292,ps,Endpoint-span Gap prefix delay used by current V3
gap_endpoint_prefix_delay,294,202,0.000202,1000000,294,ps,Endpoint-span Gap prefix delay used by current V3
gap_endpoint_prefix_delay,295,2389,0.002389,1000000,295,ps,Endpoint-span Gap prefix delay used by current V3
gap_endpoint_prefix_delay,296,422,0.000422,1000000,296,ps,Endpoint-span Gap prefix delay used by current V3
gap_endpoint_prefix_delay,297,215,0.000215,1000000,297,ps,Endpoint-span Gap prefix delay used by current V3
gap_endpoint_prefix_delay,299,3987,0.003987,1000000,299,ps,Endpoint-span Gap prefix delay used by current V3
gap_endpoint_prefix_delay,300,4444,0.004444,1000000,300,ps,Endpoint-span Gap prefix delay used by current V3
gap_endpoint_prefix_delay,303,697,0.000697,1000000,303,ps,Endpoint-span Gap prefix delay used by current V3
gap_endpoint_prefix_delay,304,149,0.000149,1000000,304,ps,Endpoint-span Gap prefix delay used by current V3
gap_endpoint_prefix_delay,305,143,0.000143,1000000,305,ps,Endpoint-span Gap prefix delay used by current V3
gap_endpoint_prefix_delay,307,2512,0.002512,1000000,307,ps,Endpoint-span Gap prefix delay used by current V3
gap_endpoint_prefix_delay,308,2995,0.002995,1000000,308,ps,Endpoint-span Gap prefix delay used by current V3
gap_endpoint_prefix_delay,313,37,3.7e-05,1000000,313,ps,Endpoint-span Gap prefix delay used by current V3
gap_endpoint_prefix_delay,315,915,0.000915,1000000,315,ps,Endpoint-span Gap prefix delay used by current V3
gap_endpoint_prefix_delay,316,1744,0.001744,1000000,316,ps,Endpoint-span Gap prefix delay used by current V3
gap_endpoint_prefix_delay,321,3181,0.003181,1000000,321,ps,Endpoint-span Gap prefix delay used by current V3
gap_endpoint_prefix_delay,323,144,0.000144,1000000,323,ps,Endpoint-span Gap prefix delay used by current V3
gap_endpoint_prefix_delay,324,529,0.000529,1000000,324,ps,Endpoint-span Gap prefix delay used by current V3
gap_endpoint_prefix_delay,329,5431,0.005431,1000000,329,ps,Endpoint-span Gap prefix delay used by current V3
gap_endpoint_prefix_delay,332,1106,0.001106,1000000,332,ps,Endpoint-span Gap prefix delay used by current V3
gap_endpoint_prefix_delay,337,4080,0.00408,1000000,337,ps,Endpoint-span Gap prefix delay used by current V3
gap_endpoint_prefix_delay,340,1806,0.001806,1000000,340,ps,Endpoint-span Gap prefix delay used by current V3
gap_endpoint_prefix_delay,341,6588,0.006588,1000000,341,ps,Endpoint-span Gap prefix delay used by current V3
gap_endpoint_prefix_delay,345,2765,0.002765,1000000,345,ps,Endpoint-span Gap prefix delay used by current V3
gap_endpoint_prefix_delay,348,1360,0.00136,1000000,348,ps,Endpoint-span Gap prefix delay used by current V3
gap_endpoint_prefix_delay,349,11464,0.011464,1000000,349,ps,Endpoint-span Gap prefix delay used by current V3
gap_endpoint_prefix_delay,350,2431,0.002431,1000000,350,ps,Endpoint-span Gap prefix delay used by current V3
gap_endpoint_prefix_delay,353,2556,0.002556,1000000,353,ps,Endpoint-span Gap prefix delay used by current V3
gap_endpoint_prefix_delay,356,950,0.00095,1000000,356,ps,Endpoint-span Gap prefix delay used by current V3
gap_endpoint_prefix_delay,357,8854,0.008854,1000000,357,ps,Endpoint-span Gap prefix delay used by current V3
gap_endpoint_prefix_delay,358,4190,0.00419,1000000,358,ps,Endpoint-span Gap prefix delay used by current V3
gap_endpoint_prefix_delay,361,2858,0.002858,1000000,361,ps,Endpoint-span Gap prefix delay used by current V3
gap_endpoint_prefix_delay,362,5259,0.005259,1000000,362,ps,Endpoint-span Gap prefix delay used by current V3
gap_endpoint_prefix_delay,364,600,0.0006,1000000,364,ps,Endpoint-span Gap prefix delay used by current V3
gap_endpoint_prefix_delay,365,6308,0.006308,1000000,365,ps,Endpoint-span Gap prefix delay used by current V3
gap_endpoint_prefix_delay,366,3267,0.003267,1000000,366,ps,Endpoint-span Gap prefix delay used by current V3
gap_endpoint_prefix_delay,369,2584,0.002584,1000000,369,ps,Endpoint-span Gap prefix delay used by current V3
gap_endpoint_prefix_delay,370,9165,0.009165,1000000,370,ps,Endpoint-span Gap prefix delay used by current V3
gap_endpoint_prefix_delay,371,2152,0.002152,1000000,371,ps,Endpoint-span Gap prefix delay used by current V3
gap_endpoint_prefix_delay,372,202,0.000202,1000000,372,ps,Endpoint-span Gap prefix delay used by current V3
gap_endpoint_prefix_delay,373,3859,0.003859,1000000,373,ps,Endpoint-span Gap prefix delay used by current V3
gap_endpoint_prefix_delay,374,2308,0.002308,1000000,374,ps,Endpoint-span Gap prefix delay used by current V3
gap_endpoint_prefix_delay,377,1835,0.001835,1000000,377,ps,Endpoint-span Gap prefix delay used by current V3
gap_endpoint_prefix_delay,378,7097,0.007097,1000000,378,ps,Endpoint-span Gap prefix delay used by current V3
gap_endpoint_prefix_delay,379,3724,0.003724,1000000,379,ps,Endpoint-span Gap prefix delay used by current V3
gap_endpoint_prefix_delay,381,1136,0.001136,1000000,381,ps,Endpoint-span Gap prefix delay used by current V3
gap_endpoint_prefix_delay,382,1371,0.001371,1000000,382,ps,Endpoint-span Gap prefix delay used by current V3
gap_endpoint_prefix_delay,385,1233,0.001233,1000000,385,ps,Endpoint-span Gap prefix delay used by current V3
gap_endpoint_prefix_delay,386,5001,0.005001,1000000,386,ps,Endpoint-span Gap prefix delay used by current V3
gap_endpoint_prefix_delay,387,2786,0.002786,1000000,387,ps,Endpoint-span Gap prefix delay used by current V3
gap_endpoint_prefix_delay,390,474,0.000474,1000000,390,ps,Endpoint-span Gap prefix delay used by current V3
gap_endpoint_prefix_delay,393,588,0.000588,1000000,393,ps,Endpoint-span Gap prefix delay used by current V3
gap_endpoint_prefix_delay,394,2858,0.002858,1000000,394,ps,Endpoint-span Gap prefix delay used by current V3
gap_endpoint_prefix_delay,395,1987,0.001987,1000000,395,ps,Endpoint-span Gap prefix delay used by current V3
gap_endpoint_prefix_delay,399,1538,0.001538,1000000,399,ps,Endpoint-span Gap prefix delay used by current V3
gap_endpoint_prefix_delay,401,110,0.00011,1000000,401,ps,Endpoint-span Gap prefix delay used by current V3
gap_endpoint_prefix_delay,402,921,0.000921,1000000,402,ps,Endpoint-span Gap prefix delay used by current V3
gap_endpoint_prefix_delay,403,1261,0.001261,1000000,403,ps,Endpoint-span Gap prefix delay used by current V3
gap_endpoint_prefix_delay,407,2607,0.002607,1000000,407,ps,Endpoint-span Gap prefix delay used by current V3
gap_endpoint_prefix_delay,411,362,0.000362,1000000,411,ps,Endpoint-span Gap prefix delay used by current V3
gap_endpoint_prefix_delay,415,1903,0.001903,1000000,415,ps,Endpoint-span Gap prefix delay used by current V3
gap_endpoint_prefix_delay,419,4858,0.004858,1000000,419,ps,Endpoint-span Gap prefix delay used by current V3
gap_endpoint_prefix_delay,423,1264,0.001264,1000000,423,ps,Endpoint-span Gap prefix delay used by current V3
gap_endpoint_prefix_delay,427,8311,0.008311,1000000,427,ps,Endpoint-span Gap prefix delay used by current V3
gap_endpoint_prefix_delay,428,9096,0.009096,1000000,428,ps,Endpoint-span Gap prefix delay used by current V3
gap_endpoint_prefix_delay,431,620,0.00062,1000000,431,ps,Endpoint-span Gap prefix delay used by current V3
gap_endpoint_prefix_delay,435,6461,0.006461,1000000,435,ps,Endpoint-span Gap prefix delay used by current V3
gap_endpoint_prefix_delay,436,15806,0.015806,1000000,436,ps,Endpoint-span Gap prefix delay used by current V3
gap_endpoint_prefix_delay,439,874,0.000874,1000000,439,ps,Endpoint-span Gap prefix delay used by current V3
gap_endpoint_prefix_delay,440,1060,0.00106,1000000,440,ps,Endpoint-span Gap prefix delay used by current V3
gap_endpoint_prefix_delay,443,4436,0.004436,1000000,443,ps,Endpoint-span Gap prefix delay used by current V3
gap_endpoint_prefix_delay,444,12033,0.012033,1000000,444,ps,Endpoint-span Gap prefix delay used by current V3
gap_endpoint_prefix_delay,447,1282,0.001282,1000000,447,ps,Endpoint-span Gap prefix delay used by current V3
gap_endpoint_prefix_delay,448,1775,0.001775,1000000,448,ps,Endpoint-span Gap prefix delay used by current V3
gap_endpoint_prefix_delay,449,1404,0.001404,1000000,449,ps,Endpoint-span Gap prefix delay used by current V3
gap_endpoint_prefix_delay,451,2583,0.002583,1000000,451,ps,Endpoint-span Gap prefix delay used by current V3
gap_endpoint_prefix_delay,452,8542,0.008542,1000000,452,ps,Endpoint-span Gap prefix delay used by current V3
gap_endpoint_prefix_delay,455,924,0.000924,1000000,455,ps,Endpoint-span Gap prefix delay used by current V3
gap_endpoint_prefix_delay,456,1363,0.001363,1000000,456,ps,Endpoint-span Gap prefix delay used by current V3
gap_endpoint_prefix_delay,457,2396,0.002396,1000000,457,ps,Endpoint-span Gap prefix delay used by current V3
gap_endpoint_prefix_delay,458,316,0.000316,1000000,458,ps,Endpoint-span Gap prefix delay used by current V3
gap_endpoint_prefix_delay,459,727,0.000727,1000000,459,ps,Endpoint-span Gap prefix delay used by current V3
gap_endpoint_prefix_delay,460,5981,0.005981,1000000,460,ps,Endpoint-span Gap prefix delay used by current V3
gap_endpoint_prefix_delay,463,687,0.000687,1000000,463,ps,Endpoint-span Gap prefix delay used by current V3
gap_endpoint_prefix_delay,464,985,0.000985,1000000,464,ps,Endpoint-span Gap prefix delay used by current V3
gap_endpoint_prefix_delay,465,1857,0.001857,1000000,465,ps,Endpoint-span Gap prefix delay used by current V3
gap_endpoint_prefix_delay,466,590,0.00059,1000000,466,ps,Endpoint-span Gap prefix delay used by current V3
gap_endpoint_prefix_delay,468,3195,0.003195,1000000,468,ps,Endpoint-span Gap prefix delay used by current V3
gap_endpoint_prefix_delay,469,1015,0.001015,1000000,469,ps,Endpoint-span Gap prefix delay used by current V3
gap_endpoint_prefix_delay,471,400,0.0004,1000000,471,ps,Endpoint-span Gap prefix delay used by current V3
gap_endpoint_prefix_delay,472,636,0.000636,1000000,472,ps,Endpoint-span Gap prefix delay used by current V3
gap_endpoint_prefix_delay,473,1362,0.001362,1000000,473,ps,Endpoint-span Gap prefix delay used by current V3
gap_endpoint_prefix_delay,474,460,0.00046,1000000,474,ps,Endpoint-span Gap prefix delay used by current V3
gap_endpoint_prefix_delay,476,1419,0.001419,1000000,476,ps,Endpoint-span Gap prefix delay used by current V3
gap_endpoint_prefix_delay,477,1843,0.001843,1000000,477,ps,Endpoint-span Gap prefix delay used by current V3
gap_endpoint_prefix_delay,479,131,0.000131,1000000,479,ps,Endpoint-span Gap prefix delay used by current V3
gap_endpoint_prefix_delay,480,200,0.0002,1000000,480,ps,Endpoint-span Gap prefix delay used by current V3
gap_endpoint_prefix_delay,481,811,0.000811,1000000,481,ps,Endpoint-span Gap prefix delay used by current V3
gap_endpoint_prefix_delay,482,310,0.00031,1000000,482,ps,Endpoint-span Gap prefix delay used by current V3
gap_endpoint_prefix_delay,484,1023,0.001023,1000000,484,ps,Endpoint-span Gap prefix delay used by current V3
gap_endpoint_prefix_delay,485,1443,0.001443,1000000,485,ps,Endpoint-span Gap prefix delay used by current V3
gap_endpoint_prefix_delay,489,260,0.00026,1000000,489,ps,Endpoint-span Gap prefix delay used by current V3
gap_endpoint_prefix_delay,490,200,0.0002,1000000,490,ps,Endpoint-span Gap prefix delay used by current V3
gap_endpoint_prefix_delay,492,594,0.000594,1000000,492,ps,Endpoint-span Gap prefix delay used by current V3
gap_endpoint_prefix_delay,493,1072,0.001072,1000000,493,ps,Endpoint-span Gap prefix delay used by current V3
gap_endpoint_prefix_delay,497,1441,0.001441,1000000,497,ps,Endpoint-span Gap prefix delay used by current V3
gap_endpoint_prefix_delay,498,55,5.5e-05,1000000,498,ps,Endpoint-span Gap prefix delay used by current V3
gap_endpoint_prefix_delay,500,221,0.000221,1000000,500,ps,Endpoint-span Gap prefix delay used by current V3
gap_endpoint_prefix_delay,501,618,0.000618,1000000,501,ps,Endpoint-span Gap prefix delay used by current V3
gap_endpoint_prefix_delay,505,2540,0.00254,1000000,505,ps,Endpoint-span Gap prefix delay used by current V3
gap_endpoint_prefix_delay,506,6535,0.006535,1000000,506,ps,Endpoint-span Gap prefix delay used by current V3
gap_endpoint_prefix_delay,509,189,0.000189,1000000,509,ps,Endpoint-span Gap prefix delay used by current V3
gap_endpoint_prefix_delay,513,1989,0.001989,1000000,513,ps,Endpoint-span Gap prefix delay used by current V3
gap_endpoint_prefix_delay,514,11102,0.011102,1000000,514,ps,Endpoint-span Gap prefix delay used by current V3
gap_endpoint_prefix_delay,517,722,0.000722,1000000,517,ps,Endpoint-span Gap prefix delay used by current V3
gap_endpoint_prefix_delay,521,1263,0.001263,1000000,521,ps,Endpoint-span Gap prefix delay used by current V3
gap_endpoint_prefix_delay,522,8488,0.008488,1000000,522,ps,Endpoint-span Gap prefix delay used by current V3
gap_endpoint_prefix_delay,525,1164,0.001164,1000000,525,ps,Endpoint-span Gap prefix delay used by current V3
gap_endpoint_prefix_delay,526,1630,0.00163,1000000,526,ps,Endpoint-span Gap prefix delay used by current V3
gap_endpoint_prefix_delay,529,644,0.000644,1000000,529,ps,Endpoint-span Gap prefix delay used by current V3
gap_endpoint_prefix_delay,530,5780,0.00578,1000000,530,ps,Endpoint-span Gap prefix delay used by current V3
gap_endpoint_prefix_delay,533,942,0.000942,1000000,533,ps,Endpoint-span Gap prefix delay used by current V3
gap_endpoint_prefix_delay,534,2794,0.002794,1000000,534,ps,Endpoint-span Gap prefix delay used by current V3
gap_endpoint_prefix_delay,537,160,0.00016,1000000,537,ps,Endpoint-span Gap prefix delay used by current V3
gap_endpoint_prefix_delay,538,4120,0.00412,1000000,538,ps,Endpoint-span Gap prefix delay used by current V3
gap_endpoint_prefix_delay,541,674,0.000674,1000000,541,ps,Endpoint-span Gap prefix delay used by current V3
gap_endpoint_prefix_delay,542,2255,0.002255,1000000,542,ps,Endpoint-span Gap prefix delay used by current V3
gap_endpoint_prefix_delay,546,2446,0.002446,1000000,546,ps,Endpoint-span Gap prefix delay used by current V3
gap_endpoint_prefix_delay,547,2116,0.002116,1000000,547,ps,Endpoint-span Gap prefix delay used by current V3
gap_endpoint_prefix_delay,549,390,0.00039,1000000,549,ps,Endpoint-span Gap prefix delay used by current V3
gap_endpoint_prefix_delay,550,1525,0.001525,1000000,550,ps,Endpoint-span Gap prefix delay used by current V3
gap_endpoint_prefix_delay,554,1379,0.001379,1000000,554,ps,Endpoint-span Gap prefix delay used by current V3
gap_endpoint_prefix_delay,555,3635,0.003635,1000000,555,ps,Endpoint-span Gap prefix delay used by current V3
gap_endpoint_prefix_delay,556,342,0.000342,1000000,556,ps,Endpoint-span Gap prefix delay used by current V3
gap_endpoint_prefix_delay,557,140,0.00014,1000000,557,ps,Endpoint-span Gap prefix delay used by current V3
gap_endpoint_prefix_delay,558,917,0.000917,1000000,558,ps,Endpoint-span Gap prefix delay used by current V3
gap_endpoint_prefix_delay,562,935,0.000935,1000000,562,ps,Endpoint-span Gap prefix delay used by current V3
gap_endpoint_prefix_delay,563,2838,0.002838,1000000,563,ps,Endpoint-span Gap prefix delay used by current V3
gap_endpoint_prefix_delay,564,574,0.000574,1000000,564,ps,Endpoint-span Gap prefix delay used by current V3
gap_endpoint_prefix_delay,566,335,0.000335,1000000,566,ps,Endpoint-span Gap prefix delay used by current V3
gap_endpoint_prefix_delay,570,589,0.000589,1000000,570,ps,Endpoint-span Gap prefix delay used by current V3
gap_endpoint_prefix_delay,571,2020,0.00202,1000000,571,ps,Endpoint-span Gap prefix delay used by current V3
gap_endpoint_prefix_delay,572,415,0.000415,1000000,572,ps,Endpoint-span Gap prefix delay used by current V3
gap_endpoint_prefix_delay,578,183,0.000183,1000000,578,ps,Endpoint-span Gap prefix delay used by current V3
gap_endpoint_prefix_delay,579,1177,0.001177,1000000,579,ps,Endpoint-span Gap prefix delay used by current V3
gap_endpoint_prefix_delay,580,362,0.000362,1000000,580,ps,Endpoint-span Gap prefix delay used by current V3
gap_endpoint_prefix_delay,584,4762,0.004762,1000000,584,ps,Endpoint-span Gap prefix delay used by current V3
gap_endpoint_prefix_delay,587,382,0.000382,1000000,587,ps,Endpoint-span Gap prefix delay used by current V3
gap_endpoint_prefix_delay,588,198,0.000198,1000000,588,ps,Endpoint-span Gap prefix delay used by current V3
gap_endpoint_prefix_delay,592,8269,0.008269,1000000,592,ps,Endpoint-span Gap prefix delay used by current V3
gap_endpoint_prefix_delay,596,57,5.7e-05,1000000,596,ps,Endpoint-span Gap prefix delay used by current V3
gap_endpoint_prefix_delay,600,6044,0.006044,1000000,600,ps,Endpoint-span Gap prefix delay used by current V3
gap_endpoint_prefix_delay,604,1060,0.00106,1000000,604,ps,Endpoint-span Gap prefix delay used by current V3
gap_endpoint_prefix_delay,608,3987,0.003987,1000000,608,ps,Endpoint-span Gap prefix delay used by current V3
gap_endpoint_prefix_delay,612,1870,0.00187,1000000,612,ps,Endpoint-span Gap prefix delay used by current V3
gap_endpoint_prefix_delay,616,2960,0.00296,1000000,616,ps,Endpoint-span Gap prefix delay used by current V3
gap_endpoint_prefix_delay,620,1401,0.001401,1000000,620,ps,Endpoint-span Gap prefix delay used by current V3
gap_endpoint_prefix_delay,624,2204,0.002204,1000000,624,ps,Endpoint-span Gap prefix delay used by current V3
gap_endpoint_prefix_delay,625,2033,0.002033,1000000,625,ps,Endpoint-span Gap prefix delay used by current V3
gap_endpoint_prefix_delay,628,996,0.000996,1000000,628,ps,Endpoint-span Gap prefix delay used by current V3
gap_endpoint_prefix_delay,632,1420,0.00142,1000000,632,ps,Endpoint-span Gap prefix delay used by current V3
gap_endpoint_prefix_delay,633,3476,0.003476,1000000,633,ps,Endpoint-span Gap prefix delay used by current V3
gap_endpoint_prefix_delay,634,329,0.000329,1000000,634,ps,Endpoint-span Gap prefix delay used by current V3
gap_endpoint_prefix_delay,636,536,0.000536,1000000,636,ps,Endpoint-span Gap prefix delay used by current V3
gap_endpoint_prefix_delay,640,993,0.000993,1000000,640,ps,Endpoint-span Gap prefix delay used by current V3
gap_endpoint_prefix_delay,641,2790,0.00279,1000000,641,ps,Endpoint-span Gap prefix delay used by current V3
gap_endpoint_prefix_delay,642,599,0.000599,1000000,642,ps,Endpoint-span Gap prefix delay used by current V3
gap_endpoint_prefix_delay,644,137,0.000137,1000000,644,ps,Endpoint-span Gap prefix delay used by current V3
gap_endpoint_prefix_delay,648,551,0.000551,1000000,648,ps,Endpoint-span Gap prefix delay used by current V3
gap_endpoint_prefix_delay,649,1856,0.001856,1000000,649,ps,Endpoint-span Gap prefix delay used by current V3
gap_endpoint_prefix_delay,650,476,0.000476,1000000,650,ps,Endpoint-span Gap prefix delay used by current V3
gap_endpoint_prefix_delay,656,208,0.000208,1000000,656,ps,Endpoint-span Gap prefix delay used by current V3
gap_endpoint_prefix_delay,657,1203,0.001203,1000000,657,ps,Endpoint-span Gap prefix delay used by current V3
gap_endpoint_prefix_delay,658,309,0.000309,1000000,658,ps,Endpoint-span Gap prefix delay used by current V3
gap_endpoint_prefix_delay,665,414,0.000414,1000000,665,ps,Endpoint-span Gap prefix delay used by current V3
gap_endpoint_prefix_delay,666,205,0.000205,1000000,666,ps,Endpoint-span Gap prefix delay used by current V3
gap_endpoint_prefix_delay,674,78,7.8e-05,1000000,674,ps,Endpoint-span Gap prefix delay used by current V3
gap_endpoint_prefix_delay,682,984,0.000984,1000000,682,ps,Endpoint-span Gap prefix delay used by current V3
gap_endpoint_prefix_delay,690,1726,0.001726,1000000,690,ps,Endpoint-span Gap prefix delay used by current V3
gap_endpoint_prefix_delay,694,1028,0.001028,1000000,694,ps,Endpoint-span Gap prefix delay used by current V3
gap_endpoint_prefix_delay,698,1325,0.001325,1000000,698,ps,Endpoint-span Gap prefix delay used by current V3
gap_endpoint_prefix_delay,702,1806,0.001806,1000000,702,ps,Endpoint-span Gap prefix delay used by current V3
gap_endpoint_prefix_delay,703,4559,0.004559,1000000,703,ps,Endpoint-span Gap prefix delay used by current V3
gap_endpoint_prefix_delay,706,877,0.000877,1000000,706,ps,Endpoint-span Gap prefix delay used by current V3
gap_endpoint_prefix_delay,710,1369,0.001369,1000000,710,ps,Endpoint-span Gap prefix delay used by current V3
gap_endpoint_prefix_delay,711,7761,0.007761,1000000,711,ps,Endpoint-span Gap prefix delay used by current V3
gap_endpoint_prefix_delay,712,2847,0.002847,1000000,712,ps,Endpoint-span Gap prefix delay used by current V3
gap_endpoint_prefix_delay,714,460,0.00046,1000000,714,ps,Endpoint-span Gap prefix delay used by current V3
gap_endpoint_prefix_delay,718,988,0.000988,1000000,718,ps,Endpoint-span Gap prefix delay used by current V3
gap_endpoint_prefix_delay,719,5930,0.00593,1000000,719,ps,Endpoint-span Gap prefix delay used by current V3
gap_endpoint_prefix_delay,720,4705,0.004705,1000000,720,ps,Endpoint-span Gap prefix delay used by current V3
gap_endpoint_prefix_delay,722,101,0.000101,1000000,722,ps,Endpoint-span Gap prefix delay used by current V3
gap_endpoint_prefix_delay,726,657,0.000657,1000000,726,ps,Endpoint-span Gap prefix delay used by current V3
gap_endpoint_prefix_delay,727,4186,0.004186,1000000,727,ps,Endpoint-span Gap prefix delay used by current V3
gap_endpoint_prefix_delay,728,3601,0.003601,1000000,728,ps,Endpoint-span Gap prefix delay used by current V3
gap_endpoint_prefix_delay,734,201,0.000201,1000000,734,ps,Endpoint-span Gap prefix delay used by current V3
gap_endpoint_prefix_delay,735,2670,0.00267,1000000,735,ps,Endpoint-span Gap prefix delay used by current V3
gap_endpoint_prefix_delay,736,2626,0.002626,1000000,736,ps,Endpoint-span Gap prefix delay used by current V3
gap_endpoint_prefix_delay,743,841,0.000841,1000000,743,ps,Endpoint-span Gap prefix delay used by current V3
gap_endpoint_prefix_delay,744,1657,0.001657,1000000,744,ps,Endpoint-span Gap prefix delay used by current V3
gap_endpoint_prefix_delay,752,548,0.000548,1000000,752,ps,Endpoint-span Gap prefix delay used by current V3
gap_endpoint_prefix_delay,781,2711,0.002711,1000000,781,ps,Endpoint-span Gap prefix delay used by current V3
gap_endpoint_prefix_delay,789,4282,0.004282,1000000,789,ps,Endpoint-span Gap prefix delay used by current V3
gap_endpoint_prefix_delay,790,4389,0.004389,1000000,790,ps,Endpoint-span Gap prefix delay used by current V3
gap_endpoint_prefix_delay,797,3461,0.003461,1000000,797,ps,Endpoint-span Gap prefix delay used by current V3
gap_endpoint_prefix_delay,798,7571,0.007571,1000000,798,ps,Endpoint-span Gap prefix delay used by current V3
gap_endpoint_prefix_delay,799,827,0.000827,1000000,799,ps,Endpoint-span Gap prefix delay used by current V3
gap_endpoint_prefix_delay,805,2437,0.002437,1000000,805,ps,Endpoint-span Gap prefix delay used by current V3
gap_endpoint_prefix_delay,806,5818,0.005818,1000000,806,ps,Endpoint-span Gap prefix delay used by current V3
gap_endpoint_prefix_delay,807,1419,0.001419,1000000,807,ps,Endpoint-span Gap prefix delay used by current V3
gap_endpoint_prefix_delay,813,1317,0.001317,1000000,813,ps,Endpoint-span Gap prefix delay used by current V3
gap_endpoint_prefix_delay,814,4250,0.00425,1000000,814,ps,Endpoint-span Gap prefix delay used by current V3
gap_endpoint_prefix_delay,815,1085,0.001085,1000000,815,ps,Endpoint-span Gap prefix delay used by current V3
gap_endpoint_prefix_delay,821,439,0.000439,1000000,821,ps,Endpoint-span Gap prefix delay used by current V3
gap_endpoint_prefix_delay,822,2433,0.002433,1000000,822,ps,Endpoint-span Gap prefix delay used by current V3
gap_endpoint_prefix_delay,823,755,0.000755,1000000,823,ps,Endpoint-span Gap prefix delay used by current V3
gap_endpoint_prefix_delay,830,741,0.000741,1000000,830,ps,Endpoint-span Gap prefix delay used by current V3
gap_endpoint_prefix_delay,831,437,0.000437,1000000,831,ps,Endpoint-span Gap prefix delay used by current V3
gap_endpoint_prefix_delay,839,148,0.000148,1000000,839,ps,Endpoint-span Gap prefix delay used by current V3
gap_endpoint_prefix_delay,859,1445,0.001445,1000000,859,ps,Endpoint-span Gap prefix delay used by current V3
gap_endpoint_prefix_delay,867,2590,0.00259,1000000,867,ps,Endpoint-span Gap prefix delay used by current V3
gap_endpoint_prefix_delay,868,3160,0.00316,1000000,868,ps,Endpoint-span Gap prefix delay used by current V3
gap_endpoint_prefix_delay,875,1972,0.001972,1000000,875,ps,Endpoint-span Gap prefix delay used by current V3
gap_endpoint_prefix_delay,876,5185,0.005185,1000000,876,ps,Endpoint-span Gap prefix delay used by current V3
gap_endpoint_prefix_delay,877,538,0.000538,1000000,877,ps,Endpoint-span Gap prefix delay used by current V3
gap_endpoint_prefix_delay,883,1269,0.001269,1000000,883,ps,Endpoint-span Gap prefix delay used by current V3
gap_endpoint_prefix_delay,884,4008,0.004008,1000000,884,ps,Endpoint-span Gap prefix delay used by current V3
gap_endpoint_prefix_delay,885,876,0.000876,1000000,885,ps,Endpoint-span Gap prefix delay used by current V3
gap_endpoint_prefix_delay,891,686,0.000686,1000000,891,ps,Endpoint-span Gap prefix delay used by current V3
gap_endpoint_prefix_delay,892,2682,0.002682,1000000,892,ps,Endpoint-span Gap prefix delay used by current V3
gap_endpoint_prefix_delay,893,692,0.000692,1000000,893,ps,Endpoint-span Gap prefix delay used by current V3
gap_endpoint_prefix_delay,899,180,0.00018,1000000,899,ps,Endpoint-span Gap prefix delay used by current V3
gap_endpoint_prefix_delay,900,1458,0.001458,1000000,900,ps,Endpoint-span Gap prefix delay used by current V3
gap_endpoint_prefix_delay,901,492,0.000492,1000000,901,ps,Endpoint-span Gap prefix delay used by current V3
gap_endpoint_prefix_delay,908,398,0.000398,1000000,908,ps,Endpoint-span Gap prefix delay used by current V3
gap_endpoint_prefix_delay,909,238,0.000238,1000000,909,ps,Endpoint-span Gap prefix delay used by current V3
gap_endpoint_prefix_delay,917,72,7.2e-05,1000000,917,ps,Endpoint-span Gap prefix delay used by current V3
gap_endpoint_prefix_delay,946,1471,0.001471,1000000,946,ps,Endpoint-span Gap prefix delay used by current V3
gap_endpoint_prefix_delay,954,2630,0.00263,1000000,954,ps,Endpoint-span Gap prefix delay used by current V3
gap_endpoint_prefix_delay,955,506,0.000506,1000000,955,ps,Endpoint-span Gap prefix delay used by current V3
gap_endpoint_prefix_delay,962,2058,0.002058,1000000,962,ps,Endpoint-span Gap prefix delay used by current V3
gap_endpoint_prefix_delay,963,850,0.00085,1000000,963,ps,Endpoint-span Gap prefix delay used by current V3
gap_endpoint_prefix_delay,970,1334,0.001334,1000000,970,ps,Endpoint-span Gap prefix delay used by current V3
gap_endpoint_prefix_delay,971,645,0.000645,1000000,971,ps,Endpoint-span Gap prefix delay used by current V3
gap_endpoint_prefix_delay,978,649,0.000649,1000000,978,ps,Endpoint-span Gap prefix delay used by current V3
gap_endpoint_prefix_delay,979,449,0.000449,1000000,979,ps,Endpoint-span Gap prefix delay used by current V3
gap_endpoint_prefix_delay,986,191,0.000191,1000000,986,ps,Endpoint-span Gap prefix delay used by current V3
gap_endpoint_prefix_delay,987,237,0.000237,1000000,987,ps,Endpoint-span Gap prefix delay used by current V3
gap_endpoint_prefix_delay,995,52,5.2e-05,1000000,995,ps,Endpoint-span Gap prefix delay used by current V3
gap_endpoint_prefix_delay_quantile,p50,,,984696,341.0,ps,Quantile among endpoint-span Gap-related requests
gap_endpoint_prefix_delay_quantile,p75,,,984696,514.0,ps,Quantile among endpoint-span Gap-related requests
gap_endpoint_prefix_delay_quantile,p90,,,984696,727.0,ps,Quantile among endpoint-span Gap-related requests
gap_endpoint_prefix_delay_quantile,p95,,,984696,814.0,ps,Quantile among endpoint-span Gap-related requests
gap_endpoint_prefix_delay_quantile,p99,,,984696,946.0,ps,Quantile among endpoint-span Gap-related requests
gap_endpoint_prefix_delay_quantile,max,,,984696,995.0,ps,Quantile among endpoint-span Gap-related requests
v3_branch,atlas,90182,0.090182,1000000,,requests,Actual unchanged V3 classifier branch
v3_branch,fallback_distance,889982,0.889982,1000000,,requests,Actual unchanged V3 classifier branch
v3_branch,fallback_block,19525,0.019525,1000000,,requests,Actual unchanged V3 classifier branch
v3_branch,fallback_other,311,0.000311,1000000,,requests,Actual unchanged V3 classifier branch
