key_type,rank,from_port,to_port,dx,dy,dx_mod8,dy_mod8,block_mask,gap_mask,count,share,reuse_status
geometry,1,ZLE[7],ZSNB[6],49,-204,1,4,,,2,2e-06,repeatable_geometry_not_proved_safe
geometry,2,A_FQ0,ZSNA[5],-8,-58,0,6,,,2,2e-06,repeatable_geometry_not_proved_safe
geometry,3,A_BQ1,S_A5,33,84,1,4,,,2,2e-06,repeatable_geometry_not_proved_safe
geometry,4,A_FQ0,ZDS[4],19,-237,3,3,,,2,2e-06,repeatable_geometry_not_proved_safe
geometry,5,ZLS[4],ZSSB[5],-10,-112,6,0,,,2,2e-06,repeatable_geometry_not_proved_safe
geometry,6,ZLW[2],ZSSB[4],36,-342,4,2,,,2,2e-06,repeatable_geometry_not_proved_safe
geometry,7,ZSEA[6],A_CM,-20,-135,4,1,,,2,2e-06,repeatable_geometry_not_proved_safe
geometry,8,ZDN[6],ZSNA[0],2,199,2,7,,,2,2e-06,repeatable_geometry_not_proved_safe
geometry,9,ZDS[7],S_B4,41,-335,1,1,,,2,2e-06,repeatable_geometry_not_proved_safe
geometry,10,A_CY,S_F3,98,-276,2,4,,,2,2e-06,repeatable_geometry_not_proved_safe
geometry,11,ZSEA[0],ZSWA[7],-39,477,1,5,,,2,2e-06,repeatable_geometry_not_proved_safe
geometry,12,ZSEA[0],ZDW[3],-24,27,0,3,,,2,2e-06,repeatable_geometry_not_proved_safe
geometry,13,ZSSA[5],S_E2,-51,-371,5,5,,,2,2e-06,repeatable_geometry_not_proved_safe
geometry,14,ZSNA[6],A_BM,16,-435,0,5,,,2,2e-06,repeatable_geometry_not_proved_safe
geometry,15,S_HQ1,S_H4,20,292,4,4,,,2,2e-06,repeatable_geometry_not_proved_safe
geometry,16,S_FQ1,ZSWA[4],-62,296,2,0,,,2,2e-06,repeatable_geometry_not_proved_safe
geometry,17,S_EQ0,ZLW[1],-79,63,1,7,,,2,2e-06,repeatable_geometry_not_proved_safe
geometry,18,ZLW[2],ZSNA[5],-38,-152,2,0,,,2,2e-06,repeatable_geometry_not_proved_safe
geometry,19,S_GY,ZLS[3],-16,72,0,0,,,2,2e-06,repeatable_geometry_not_proved_safe
geometry,20,S_DQ1,ZSSB[4],74,-204,2,4,,,2,2e-06,repeatable_geometry_not_proved_safe
geometry,21,ZDS[5],ZLN[2],16,-30,0,2,,,2,2e-06,repeatable_geometry_not_proved_safe
geometry,22,ZDN[6],ZSSA[6],-61,-48,3,0,,,2,2e-06,repeatable_geometry_not_proved_safe
geometry,23,ZDE[3],ZSNB[5],-2,248,6,0,,,2,2e-06,repeatable_geometry_not_proved_safe
geometry,24,S_DQ0,A_ED,46,-89,6,7,,,2,2e-06,repeatable_geometry_not_proved_safe
geometry,25,S_FY,ZSSB[6],-10,-37,6,3,,,2,2e-06,repeatable_geometry_not_proved_safe
geometry,26,S_FQ0,ZSEA[6],-79,-287,1,1,,,2,2e-06,repeatable_geometry_not_proved_safe
geometry,27,ZDS[6],ZLE[3],65,88,1,0,,,2,2e-06,repeatable_geometry_not_proved_safe
geometry,28,ZSNB[6],ZSEB[3],9,81,1,1,,,2,2e-06,repeatable_geometry_not_proved_safe
geometry,29,A_CY,A_G1,39,-152,7,0,,,2,2e-06,repeatable_geometry_not_proved_safe
geometry,30,ZDE[6],ZDS[1],-12,262,4,6,,,2,2e-06,repeatable_geometry_not_proved_safe
geometry,31,S_FQ0,ZLW[2],10,-207,2,1,,,2,2e-06,repeatable_geometry_not_proved_safe
geometry,32,S_DQ1,ZSSB[4],-3,-2,5,6,,,2,2e-06,repeatable_geometry_not_proved_safe
geometry,33,ZSEB[0],ZLN[5],-53,-10,3,6,,,2,2e-06,repeatable_geometry_not_proved_safe
geometry,34,ZLW[7],ZSNB[0],-9,-210,7,6,,,2,2e-06,repeatable_geometry_not_proved_safe
geometry,35,ZDS[3],ZLS[0],-29,11,3,3,,,2,2e-06,repeatable_geometry_not_proved_safe
geometry,36,A_BQ1,ZSSB[1],2,-96,2,0,,,2,2e-06,repeatable_geometry_not_proved_safe
geometry,37,ZDE[3],ZSNB[5],-80,-249,0,7,,,2,2e-06,repeatable_geometry_not_proved_safe
geometry,38,ZSEB[0],ZSSB[0],43,-2,3,6,,,2,2e-06,repeatable_geometry_not_proved_safe
geometry,39,S_EQ0,ZSNB[5],41,2,1,2,,,2,2e-06,repeatable_geometry_not_proved_safe
geometry,40,ZLE[7],ZLS[4],-41,-92,7,4,,,2,2e-06,repeatable_geometry_not_proved_safe
geometry,41,ZDN[6],ZSSA[6],2,-332,2,4,,,2,2e-06,repeatable_geometry_not_proved_safe
geometry,42,A_CQ0,ZLS[0],14,57,6,1,,,2,2e-06,repeatable_geometry_not_proved_safe
geometry,43,ZLW[4],ZSSB[6],13,-199,5,1,,,2,2e-06,repeatable_geometry_not_proved_safe
geometry,44,S_DQ0,ZDE[0],-24,158,0,6,,,2,2e-06,repeatable_geometry_not_proved_safe
geometry,45,ZSEA[0],ZLS[4],73,60,1,4,,,2,2e-06,repeatable_geometry_not_proved_safe
geometry,46,ZSNA[1],ZLS[6],-8,169,0,1,,,2,2e-06,repeatable_geometry_not_proved_safe
geometry,47,ZSNA[4],ZSWA[7],-28,138,4,2,,,2,2e-06,repeatable_geometry_not_proved_safe
geometry,48,ZLW[7],ZLS[5],45,186,5,2,,,2,2e-06,repeatable_geometry_not_proved_safe
geometry,49,ZSNA[1],ZDN[1],0,-16,0,0,,,2,2e-06,repeatable_geometry_not_proved_safe
geometry,50,S_AQ1,ZSWA[6],-17,-105,7,7,,,2,2e-06,repeatable_geometry_not_proved_safe
geometry,51,ZSNB[0],ZSSA[1],-37,-42,3,6,,,2,2e-06,repeatable_geometry_not_proved_safe
geometry,52,ZDS[3],S_B0,50,-65,2,7,,,2,2e-06,repeatable_geometry_not_proved_safe
geometry,53,ZSSA[0],ZLN[1],-3,-277,5,3,,,2,2e-06,repeatable_geometry_not_proved_safe
geometry,54,ZSWA[0],ZLW[4],13,-116,5,4,,,2,2e-06,repeatable_geometry_not_proved_safe
geometry,55,ZSSA[5],ZSWA[7],38,187,6,3,,,2,2e-06,repeatable_geometry_not_proved_safe
geometry,56,A_BY,S_D4,-17,358,7,6,,,2,2e-06,repeatable_geometry_not_proved_safe
geometry,57,S_FY,ZSNA[0],43,233,3,1,,,2,2e-06,repeatable_geometry_not_proved_safe
geometry,58,ZSWA[1],S_B3,29,-17,5,7,,,2,2e-06,repeatable_geometry_not_proved_safe
geometry,59,ZSWB[3],A_D3,13,-209,5,7,,,2,2e-06,repeatable_geometry_not_proved_safe
geometry,60,ZLS[7],ZDS[1],-24,-64,0,0,,,2,2e-06,repeatable_geometry_not_proved_safe
geometry,61,ZSWA[5],ZSNB[3],18,-81,2,7,,,2,2e-06,repeatable_geometry_not_proved_safe
geometry,62,ZSNB[4],ZSWA[6],3,-233,3,7,,,2,2e-06,repeatable_geometry_not_proved_safe
geometry,63,ZDS[7],ZSNA[0],14,315,6,3,,,2,2e-06,repeatable_geometry_not_proved_safe
geometry,64,ZSWB[7],A_BD,2,25,2,1,,,2,2e-06,repeatable_geometry_not_proved_safe
geometry,65,A_CY,ZLW[6],29,-67,5,5,,,2,2e-06,repeatable_geometry_not_proved_safe
geometry,66,ZSSA[5],A_E5,-8,-77,0,3,,,2,2e-06,repeatable_geometry_not_proved_safe
geometry,67,ZSNB[2],ZSNA[2],10,221,2,5,,,2,2e-06,repeatable_geometry_not_proved_safe
geometry,68,ZSNA[1],ZSNB[1],-19,-14,5,2,,,2,2e-06,repeatable_geometry_not_proved_safe
geometry,69,ZLE[0],ZLN[5],29,197,5,5,,,2,2e-06,repeatable_geometry_not_proved_safe
geometry,70,ZDW[0],S_B2,-42,83,6,3,,,2,2e-06,repeatable_geometry_not_proved_safe
geometry,71,ZSEB[0],ZSSA[6],-12,-72,4,0,,,2,2e-06,repeatable_geometry_not_proved_safe
geometry,72,S_HY,ZSNB[7],18,183,2,7,,,2,2e-06,repeatable_geometry_not_proved_safe
geometry,73,S_GY,ZLS[4],53,-60,5,4,,,2,2e-06,repeatable_geometry_not_proved_safe
geometry,74,ZSEA[5],ZSSA[5],-7,-215,1,1,,,2,2e-06,repeatable_geometry_not_proved_safe
geometry,75,ZSSA[5],ZSNB[5],76,-83,4,5,,,2,2e-06,repeatable_geometry_not_proved_safe
geometry,76,A_GQ0,ZLS[4],37,-37,5,3,,,2,2e-06,repeatable_geometry_not_proved_safe
geometry,77,ZSWA[1],S_BM,43,-153,3,7,,,2,2e-06,repeatable_geometry_not_proved_safe
geometry,78,ZSEB[1],ZSNB[3],-36,64,4,0,,,2,2e-06,repeatable_geometry_not_proved_safe
geometry,79,A_CY,S_G5,-3,272,5,0,,,2,2e-06,repeatable_geometry_not_proved_safe
geometry,80,ZDS[7],A_CM,30,-138,6,6,,,2,2e-06,repeatable_geometry_not_proved_safe
geometry,81,ZSNA[3],ZLN[3],-16,-7,0,1,,,2,2e-06,repeatable_geometry_not_proved_safe
geometry,82,A_HQ0,A_A1,55,252,7,4,,,2,2e-06,repeatable_geometry_not_proved_safe
geometry,83,ZLN[7],ZSSB[1],-1,-58,7,6,,,2,2e-06,repeatable_geometry_not_proved_safe
geometry,84,ZSNA[1],ZLS[6],15,-134,7,2,,,2,2e-06,repeatable_geometry_not_proved_safe
geometry,85,ZSSA[0],A_F5,13,193,5,1,,,2,2e-06,repeatable_geometry_not_proved_safe
geometry,86,A_EQ0,ZLS[0],-74,98,6,2,,,2,2e-06,repeatable_geometry_not_proved_safe
geometry,87,S_DQ0,ZLW[0],-1,14,7,6,,,2,2e-06,repeatable_geometry_not_proved_safe
geometry,88,ZSNB[4],ZSNB[7],9,122,1,2,,,2,2e-06,repeatable_geometry_not_proved_safe
geometry,89,S_FQ0,S_F2,-13,55,3,7,,,2,2e-06,repeatable_geometry_not_proved_safe
geometry,90,ZDE[7],ZSNB[7],56,90,0,2,,,2,2e-06,repeatable_geometry_not_proved_safe
geometry,91,A_CQ0,ZLS[0],-66,-20,6,4,,,2,2e-06,repeatable_geometry_not_proved_safe
geometry,92,ZSEA[6],ZLE[2],47,275,7,3,,,2,2e-06,repeatable_geometry_not_proved_safe
geometry,93,A_FQ1,ZLN[2],-43,-101,5,3,,,2,2e-06,repeatable_geometry_not_proved_safe
geometry,94,ZSEB[0],S_A2,-1,-118,7,2,,,2,2e-06,repeatable_geometry_not_proved_safe
geometry,95,ZSSA[0],ZSEA[1],0,41,0,1,,,2,2e-06,repeatable_geometry_not_proved_safe
geometry,96,ZSWA[6],ZSNA[4],24,29,0,5,,,2,2e-06,repeatable_geometry_not_proved_safe
geometry,97,ZDS[0],ZLW[3],35,21,3,5,,,2,2e-06,repeatable_geometry_not_proved_safe
geometry,98,A_EY,ZLN[1],35,107,3,3,,,2,2e-06,repeatable_geometry_not_proved_safe
geometry,99,ZLE[7],ZSSA[7],-3,-10,5,6,,,2,2e-06,repeatable_geometry_not_proved_safe
geometry,100,ZSWA[1],ZSNB[0],22,423,6,7,,,2,2e-06,repeatable_geometry_not_proved_safe
bbox_environment_candidate,1,ZSWA[7],S_EM,23,-43,7,5,0,192,2,2e-06,conditioned_candidate_not_proved_safe
bbox_environment_candidate,2,ZDN[6],A_E3,1,8,1,0,0,0,2,2e-06,conditioned_candidate_not_proved_safe
bbox_environment_candidate,3,ZLW[2],ZDW[4],-2,33,6,1,0,0,2,2e-06,conditioned_candidate_not_proved_safe
bbox_environment_candidate,4,ZSNA[1],ZDN[1],0,-16,0,0,0,0,2,2e-06,conditioned_candidate_not_proved_safe
bbox_environment_candidate,5,ZSWA[5],A_A3,-1,-153,7,7,0,16,2,2e-06,conditioned_candidate_not_proved_safe
bbox_environment_candidate,6,ZDE[3],ZSSB[5],1,-311,1,1,0,14,2,2e-06,conditioned_candidate_not_proved_safe
bbox_environment_candidate,7,ZSNB[2],ZDS[4],8,-54,0,2,0,131072,2,2e-06,conditioned_candidate_not_proved_safe
bbox_environment_candidate,8,S_CQ1,ZSSB[2],-1,50,7,2,0,1,2,2e-06,conditioned_candidate_not_proved_safe
bbox_environment_candidate,9,S_CQ1,ZLS[7],58,-159,2,1,1,4067,2,2e-06,conditioned_candidate_not_proved_safe
bbox_environment_candidate,10,ZDE[7],ZSSB[6],-7,-12,1,4,0,1024,2,2e-06,conditioned_candidate_not_proved_safe
bbox_environment_candidate,11,A_DY,ZSEB[4],1,51,1,3,0,0,2,2e-06,conditioned_candidate_not_proved_safe
bbox_environment_candidate,12,S_DQ0,ZLW[0],-1,14,7,6,0,0,2,2e-06,conditioned_candidate_not_proved_safe
bbox_environment_candidate,13,S_FY,ZSEB[4],17,41,1,1,0,898,2,2e-06,conditioned_candidate_not_proved_safe
bbox_environment_candidate,14,ZLS[1],ZSNB[0],1,59,1,3,0,0,2,2e-06,conditioned_candidate_not_proved_safe
bbox_environment_candidate,15,ZDW[0],S_C3,-89,192,7,0,48,262040,2,2e-06,conditioned_candidate_not_proved_safe
bbox_environment_candidate,16,A_CQ0,ZLS[0],-66,-20,6,4,0,8160,2,2e-06,conditioned_candidate_not_proved_safe
bbox_environment_candidate,17,ZDS[5],A_C1,-2,325,6,5,0,14,2,2e-06,conditioned_candidate_not_proved_safe
bbox_environment_candidate,18,S_DQ1,ZSSB[4],-3,-2,5,6,0,0,2,2e-06,conditioned_candidate_not_proved_safe
bbox_environment_candidate,19,S_DQ0,ZLW[0],-71,-75,1,5,12,261634,2,2e-06,conditioned_candidate_not_proved_safe
bbox_environment_candidate,20,ZLE[4],ZSSB[1],-36,444,4,4,1,991,2,2e-06,conditioned_candidate_not_proved_safe
bbox_environment_candidate,21,S_AQ1,ZSEB[1],64,207,0,7,56,65292,2,2e-06,conditioned_candidate_not_proved_safe
bbox_environment_candidate,22,ZLE[7],ZSNB[1],-1,-103,7,1,0,1,2,2e-06,conditioned_candidate_not_proved_safe
bbox_environment_candidate,23,S_AQ1,A_F3,9,-420,1,4,1,94,2,2e-06,conditioned_candidate_not_proved_safe
bbox_environment_candidate,24,ZDE[3],ZSNB[5],-80,-249,0,7,28,65422,2,2e-06,conditioned_candidate_not_proved_safe
bbox_environment_candidate,25,ZSWB[3],ZSNB[6],62,-158,6,2,14,32515,1,1e-06,conditioned_candidate_not_proved_safe
bbox_environment_candidate,26,ZSWB[3],ZSNB[6],55,126,7,6,12,16262,1,1e-06,conditioned_candidate_not_proved_safe
bbox_environment_candidate,27,ZSWB[3],ZSNB[6],54,-140,6,4,0,8144,1,1e-06,conditioned_candidate_not_proved_safe
bbox_environment_candidate,28,ZSWB[3],ZSNB[6],43,-32,3,0,64,245760,1,1e-06,conditioned_candidate_not_proved_safe
bbox_environment_candidate,29,ZSWB[3],ZSNB[6],40,-379,0,5,60,15374,1,1e-06,conditioned_candidate_not_proved_safe
bbox_environment_candidate,30,ZSWB[3],ZSNB[6],34,105,2,1,12,57346,1,1e-06,conditioned_candidate_not_proved_safe
bbox_environment_candidate,31,ZSWB[3],ZSNB[6],27,-279,3,1,28,114702,1,1e-06,conditioned_candidate_not_proved_safe
bbox_environment_candidate,32,ZSWB[3],ZSNB[6],20,-237,4,3,0,491544,1,1e-06,conditioned_candidate_not_proved_safe
bbox_environment_candidate,33,ZSWB[3],ZSNB[6],19,-198,3,2,0,245784,1,1e-06,conditioned_candidate_not_proved_safe
bbox_environment_candidate,34,ZSWB[3],ZSNB[6],14,-332,6,4,120,28,1,1e-06,conditioned_candidate_not_proved_safe
bbox_environment_candidate,35,ZSWB[3],ZSNB[6],13,140,5,4,6,3,1,1e-06,conditioned_candidate_not_proved_safe
bbox_environment_candidate,36,ZSWB[3],ZSNB[6],12,-381,4,3,60,30,1,1e-06,conditioned_candidate_not_proved_safe
bbox_environment_candidate,37,ZSWB[3],ZSNB[6],10,-208,2,0,48,16408,1,1e-06,conditioned_candidate_not_proved_safe
bbox_environment_candidate,38,ZSWB[3],ZSNB[6],10,-246,2,2,0,393223,1,1e-06,conditioned_candidate_not_proved_safe
bbox_environment_candidate,39,ZSWB[3],ZSNB[6],9,368,1,0,30,8207,1,1e-06,conditioned_candidate_not_proved_safe
bbox_environment_candidate,40,ZSWB[3],ZSNB[6],8,272,0,0,0,8206,1,1e-06,conditioned_candidate_not_proved_safe
bbox_environment_candidate,41,ZSWB[3],ZSNB[6],7,-273,7,7,0,1052,1,1e-06,conditioned_candidate_not_proved_safe
bbox_environment_candidate,42,ZSWB[3],ZSNB[6],4,126,4,6,0,16400,1,1e-06,conditioned_candidate_not_proved_safe
bbox_environment_candidate,43,ZSWB[3],ZSNB[6],-5,80,3,0,0,2,1,1e-06,conditioned_candidate_not_proved_safe
bbox_environment_candidate,44,ZSWB[3],ZSNB[6],-10,-69,6,3,0,8200,1,1e-06,conditioned_candidate_not_proved_safe
bbox_environment_candidate,45,ZSWB[3],ZSNB[6],-10,-289,6,7,0,49159,1,1e-06,conditioned_candidate_not_proved_safe
bbox_environment_candidate,46,ZSWB[3],ZSNB[6],-12,-68,4,4,0,68,1,1e-06,conditioned_candidate_not_proved_safe
bbox_environment_candidate,47,ZSWB[3],ZSNB[6],-13,224,3,0,0,3084,1,1e-06,conditioned_candidate_not_proved_safe
bbox_environment_candidate,48,ZSWB[3],ZSNB[6],-16,245,0,5,0,7180,1,1e-06,conditioned_candidate_not_proved_safe
bbox_environment_candidate,49,ZSWB[3],ZSNB[6],-21,148,3,4,0,3846,1,1e-06,conditioned_candidate_not_proved_safe
bbox_environment_candidate,50,ZSWB[3],ZSNB[6],-23,218,1,2,48,16408,1,1e-06,conditioned_candidate_not_proved_safe
bbox_environment_candidate,51,ZSWB[3],ZSNB[6],-29,58,3,2,8,245764,1,1e-06,conditioned_candidate_not_proved_safe
bbox_environment_candidate,52,ZSWB[3],ZSNB[6],-29,23,3,7,0,1922,1,1e-06,conditioned_candidate_not_proved_safe
bbox_environment_candidate,53,ZSWB[3],ZSNB[6],-30,-101,2,3,0,100,1,1e-06,conditioned_candidate_not_proved_safe
bbox_environment_candidate,54,ZSWB[3],ZSNB[6],-43,217,5,1,0,8076,1,1e-06,conditioned_candidate_not_proved_safe
bbox_environment_candidate,55,ZSWB[3],ZSNB[6],-47,-130,1,6,0,16272,1,1e-06,conditioned_candidate_not_proved_safe
bbox_environment_candidate,56,ZSWB[3],ZSNB[6],-49,-255,7,1,0,4056,1,1e-06,conditioned_candidate_not_proved_safe
bbox_environment_candidate,57,ZSWB[3],ZSNB[6],-54,157,2,5,48,516120,1,1e-06,conditioned_candidate_not_proved_safe
bbox_environment_candidate,58,ZSWB[3],ZSNB[6],-66,-61,6,3,0,8168,1,1e-06,conditioned_candidate_not_proved_safe
bbox_environment_candidate,59,ZSWB[3],ZSNB[6],-79,81,1,1,16,32712,1,1e-06,conditioned_candidate_not_proved_safe
bbox_environment_candidate,60,ZSWB[3],ZSNB[6],-86,294,2,6,28,262030,1,1e-06,conditioned_candidate_not_proved_safe
bbox_environment_candidate,61,ZSWB[3],ZSNB[6],-89,480,7,0,127,32735,1,1e-06,conditioned_candidate_not_proved_safe
bbox_environment_candidate,62,ZSWB[3],ZSNB[6],-89,-91,7,5,32,130960,1,1e-06,conditioned_candidate_not_proved_safe
bbox_environment_candidate,63,ZSWB[3],ZSNB[6],-90,-469,6,3,62,262047,1,1e-06,conditioned_candidate_not_proved_safe
bbox_environment_candidate,64,ZSWB[3],ZSNB[5],91,-247,3,1,15,16359,1,1e-06,conditioned_candidate_not_proved_safe
bbox_environment_candidate,65,ZSWB[3],ZSNB[5],81,308,1,4,56,524060,1,1e-06,conditioned_candidate_not_proved_safe
bbox_environment_candidate,66,ZSWB[3],ZSNB[5],79,-331,7,5,60,130958,1,1e-06,conditioned_candidate_not_proved_safe
bbox_environment_candidate,67,ZSWB[3],ZSNB[5],78,-272,6,0,112,130968,1,1e-06,conditioned_candidate_not_proved_safe
bbox_environment_candidate,68,ZSWB[3],ZSNB[5],77,7,5,7,0,523776,1,1e-06,conditioned_candidate_not_proved_safe
bbox_environment_candidate,69,ZSWB[3],ZSNB[5],69,152,5,0,24,130820,1,1e-06,conditioned_candidate_not_proved_safe
bbox_environment_candidate,70,ZSWB[3],ZSNB[5],68,-254,4,2,0,8184,1,1e-06,conditioned_candidate_not_proved_safe
bbox_environment_candidate,71,ZSWB[3],ZSNB[5],62,203,6,3,24,16268,1,1e-06,conditioned_candidate_not_proved_safe
bbox_environment_candidate,72,ZSWB[3],ZSNB[6],73,-457,1,7,62,65439,1,1e-06,conditioned_candidate_not_proved_safe
bbox_environment_candidate,73,ZSWB[3],ZSNB[5],54,88,6,0,8,32260,1,1e-06,conditioned_candidate_not_proved_safe
bbox_environment_candidate,74,ZSWB[3],ZSNB[5],16,-16,0,0,0,384,1,1e-06,conditioned_candidate_not_proved_safe
bbox_environment_candidate,75,ZSWB[3],ZSNB[5],15,-241,7,7,0,114712,1,1e-06,conditioned_candidate_not_proved_safe
bbox_environment_candidate,76,ZSWB[3],ZSNB[5],11,-228,3,4,12,6,1,1e-06,conditioned_candidate_not_proved_safe
bbox_environment_candidate,77,ZSWB[3],ZSNB[5],9,42,1,2,0,196608,1,1e-06,conditioned_candidate_not_proved_safe
bbox_environment_candidate,78,ZSWB[3],ZSNB[5],7,39,7,7,0,0,1,1e-06,conditioned_candidate_not_proved_safe
bbox_environment_candidate,79,ZSWB[3],ZSNB[5],7,-204,7,4,0,49155,1,1e-06,conditioned_candidate_not_proved_safe
bbox_environment_candidate,80,ZSWB[3],ZSNB[5],4,152,4,0,0,3,1,1e-06,conditioned_candidate_not_proved_safe
bbox_environment_candidate,81,ZSWB[3],ZSNB[5],0,-86,0,2,0,8,1,1e-06,conditioned_candidate_not_proved_safe
bbox_environment_candidate,82,ZSWB[3],ZSNB[5],0,-228,0,4,0,24,1,1e-06,conditioned_candidate_not_proved_safe
bbox_environment_candidate,83,ZSWB[3],ZSNB[5],0,-396,0,4,0,30,1,1e-06,conditioned_candidate_not_proved_safe
bbox_environment_candidate,84,ZSWB[3],ZSNB[5],-1,-401,7,7,60,30,1,1e-06,conditioned_candidate_not_proved_safe
bbox_environment_candidate,85,ZSWB[3],ZSNB[5],16,16,0,0,0,7172,1,1e-06,conditioned_candidate_not_proved_safe
bbox_environment_candidate,86,ZSWB[3],ZSNB[5],-2,332,6,4,0,28,1,1e-06,conditioned_candidate_not_proved_safe
bbox_environment_candidate,87,ZSWB[3],ZSNB[5],51,-369,3,7,60,31774,1,1e-06,conditioned_candidate_not_proved_safe
bbox_environment_candidate,88,ZSWB[3],ZSNB[5],-4,193,4,1,0,1030,1,1e-06,conditioned_candidate_not_proved_safe
bbox_environment_candidate,89,ZSWB[3],ZSNB[5],-10,-294,6,2,0,7,1,1e-06,conditioned_candidate_not_proved_safe
bbox_environment_candidate,90,ZSWB[3],ZSNB[5],-9,-464,7,0,0,131103,1,1e-06,conditioned_candidate_not_proved_safe
bbox_environment_candidate,91,ZSWB[3],ZSNB[5],-9,-60,7,4,0,68,1,1e-06,conditioned_candidate_not_proved_safe
bbox_environment_candidate,92,ZSWB[3],ZSNB[5],-9,41,7,1,0,68,1,1e-06,conditioned_candidate_not_proved_safe
bbox_environment_candidate,93,ZSWB[3],ZSNB[5],-2,382,6,6,0,4126,1,1e-06,conditioned_candidate_not_proved_safe
bbox_environment_candidate,94,ZSWB[3],ZSNB[5],-2,-316,6,4,0,142,1,1e-06,conditioned_candidate_not_proved_safe
bbox_environment_candidate,95,ZSWB[3],ZSNB[5],-6,-355,2,5,0,49167,1,1e-06,conditioned_candidate_not_proved_safe
bbox_environment_candidate,96,ZSWB[3],ZSNB[5],-8,-366,0,2,0,49182,1,1e-06,conditioned_candidate_not_proved_safe
bbox_environment_candidate,97,ZSWB[3],ZSNB[5],-5,-139,3,5,0,12,1,1e-06,conditioned_candidate_not_proved_safe
bbox_environment_candidate,98,ZSWB[3],ZSNB[5],-7,-277,1,3,0,2055,1,1e-06,conditioned_candidate_not_proved_safe
bbox_environment_candidate,99,ZSWB[3],ZSNB[5],-5,76,3,4,0,131074,1,1e-06,conditioned_candidate_not_proved_safe
bbox_environment_candidate,100,ZSWB[3],ZSNB[5],-6,-283,2,5,0,46,1,1e-06,conditioned_candidate_not_proved_safe
