split,candidate,train_rows,validation_rows,v3_acc_score,v4_acc_score,delta_acc_score,v3_mae,v4_mae,v3_rmse,v4_rmse,parameter_count,parameter_bytes,alpha,v3_retrained
random_stratified,global_calibration,800304,199696,94.84025866195765,94.84416548342756,0.003906821469911392,33.25919397484176,33.24361529524878,57.217886342529376,57.22478214944919,68,272,1.25,True
random_stratified,single_residual,800304,199696,94.84025866195765,94.8852608821735,0.04500222021584932,33.25919397484176,32.93857663648746,57.217886342529376,57.30573015849006,2784,11136,1.25,True
random_stratified,two_expert,800304,199696,94.84025866195765,94.88683592510378,0.04657726314613342,33.25919397484176,32.93119541703389,57.217886342529376,57.3063884193864,3024,12096,1.25,True
random_stratified,three_expert,800304,199696,94.84025866195765,94.88931421444904,0.049055552491395815,33.25919397484176,32.91707896001923,57.217886342529376,57.297554745952255,3776,15104,1.25,True
random_stratified,port_pair_residual,800304,199696,94.84025866195765,94.92698653584746,0.08672787388981362,33.25919397484176,32.67375911385306,57.217886342529376,57.24410549719109,408512,1634048,1.25,True
spatial_region,global_calibration,642095,357905,94.69536372879313,94.6989748013477,0.003611072554576822,33.57913133373381,33.56718961735656,57.00892781929634,57.012622407071376,68,272,1.25,True
spatial_region,single_residual,642095,357905,94.69536372879313,94.74263051049489,0.047266781701765126,33.57913133373381,33.246017798019025,57.00892781929634,57.020406521651395,2784,11136,1.25,True
spatial_region,two_expert,642095,357905,94.69536372879313,94.74364028073646,0.04827655194333147,33.57913133373381,33.2433522862212,57.00892781929634,57.02139804137547,3024,12096,1.25,True
spatial_region,three_expert,642095,357905,94.69536372879313,94.74574182536459,0.05037809657146397,33.57913133373381,33.23017560525838,57.00892781929634,57.01129735545571,3776,15104,1.25,True
spatial_region,port_pair_residual,642095,357905,94.69536372879313,94.78417919792503,0.08881546913190164,33.57913133373381,32.98981014515025,57.00892781929634,56.93233351497856,408512,1634048,1.25,True
long_distance,global_calibration,899470,100530,96.84721156020873,96.87996065754751,0.03274909733877962,44.07193872475878,43.60292450014921,63.94351695978034,63.58563872998907,68,272,1.25,True
long_distance,single_residual,899470,100530,96.84721156020873,96.9218232574276,0.07461169721887018,44.07193872475878,43.01382671839252,63.94351695978034,63.47392866377444,2784,11136,1.25,True
long_distance,two_expert,899470,100530,96.84721156020873,96.91635605884863,0.06914449863990058,44.07193872475878,43.09754302198349,63.94351695978034,63.546719479059526,3024,12096,1.25,True
long_distance,three_expert,899470,100530,96.84721156020873,96.91564995087082,0.0684383906620809,44.07193872475878,43.10161145926589,63.94351695978034,63.54452505666567,3776,15104,1.25,True
long_distance,port_pair_residual,899470,100530,96.84721156020873,96.89850901049515,0.05129745028641253,44.07193872475878,43.37169999005272,63.94351695978034,63.51451733474006,408512,1634048,1.25,True
block_holdout,global_calibration,522692,477308,94.43942259289693,94.43340438595554,-0.006018206941391213,39.49974649492571,39.520272025610296,59.194224151967,59.23279317721998,68,272,1.25,True
block_holdout,single_residual,522692,477308,94.43942259289693,94.49106545178914,0.05164285889220821,39.49974649492571,38.97046770638665,59.194224151967,58.99109728404334,2784,11136,1.25,True
block_holdout,two_expert,522692,477308,94.43942259289693,94.50021916949439,0.06079657659745408,39.49974649492571,38.937543472977616,59.194224151967,58.91560723300188,3024,12096,1.25,True
block_holdout,three_expert,522692,477308,94.43942259289693,94.50313490106312,0.06371230816618834,39.49974649492571,38.91548434134773,59.194224151967,58.87864931843319,3776,15104,1.25,True
block_holdout,port_pair_residual,522692,477308,94.43942259289693,94.52039501273546,0.0809724198385311,39.49974649492571,38.83917512381942,59.194224151967,58.97019173946985,408512,1634048,1.25,True
gap_stratified,global_calibration,799507,200493,94.82030759050633,94.8243952074998,0.004087616993473375,33.28724693630202,33.271954631832536,57.117305582794266,57.12326390497026,68,272,1.25,True
gap_stratified,single_residual,799507,200493,94.82030759050633,94.86414910639438,0.04384151588804741,33.28724693630202,32.978592768824846,57.117305582794266,57.235378741222284,2784,11136,1.25,True
gap_stratified,two_expert,799507,200493,94.82030759050633,94.86622725692837,0.04591966642203715,33.28724693630202,32.96681679659639,57.117305582794266,57.23360851936278,3024,12096,1.25,True
gap_stratified,three_expert,799507,200493,94.82030759050633,94.86791408077407,0.04760649026773933,33.28724693630202,32.95573411540553,57.117305582794266,57.22830698150414,3776,15104,1.25,True
gap_stratified,port_pair_residual,799507,200493,94.82030759050633,94.90620142649281,0.08589383598648226,33.28724693630202,32.71486785074791,57.117305582794266,57.159940404883415,408512,1634048,1.25,True
rare_port_pair,global_calibration,893273,106727,94.0352958987264,94.03915306840828,0.0038571696818792134,38.758392909010844,38.747486577904375,65.15528292635622,65.1605556361564,68,272,1.25,True
rare_port_pair,single_residual,893273,106727,94.0352958987264,94.08913882797397,0.05384292924756551,38.758392909010844,38.381374909816635,65.15528292635622,65.26850831732013,2784,11136,1.25,True
rare_port_pair,two_expert,893273,106727,94.0352958987264,94.09062085649018,0.055324957763772886,38.758392909010844,38.37419771941496,65.15528292635622,65.27169246014054,3024,12096,1.25,True
rare_port_pair,three_expert,893273,106727,94.0352958987264,94.0839367405886,0.04864084186219486,38.758392909010844,38.391288052695195,65.15528292635622,65.23880638095368,3776,15104,1.25,True
rare_port_pair,port_pair_residual,893273,106727,94.0352958987264,94.0978024014661,0.06250650273969427,38.758392909010844,38.327892660713786,65.15528292635622,65.17951384940571,408512,1634048,1.25,True
boundary_holdout,global_calibration,681112,318888,95.47885812780362,95.48712356510622,0.008265437302597434,33.00603033039813,32.92745728907955,52.44731417365435,52.38859522775001,68,272,1.25,True
boundary_holdout,single_residual,681112,318888,95.47885812780362,95.54146712787322,0.06260900006959957,33.00603033039813,32.45492461303028,52.44731417365435,52.16436578908216,2784,11136,1.25,True
boundary_holdout,two_expert,681112,318888,95.47885812780362,95.54172716912406,0.06286904132043958,33.00603033039813,32.45312774391009,52.44731417365435,52.162314270500296,3024,12096,1.25,True
boundary_holdout,three_expert,681112,318888,95.47885812780362,95.53366942499846,0.054811297194845565,33.00603033039813,32.53765898999021,52.44731417365435,52.221412617352065,3776,15104,1.25,True
boundary_holdout,port_pair_residual,681112,318888,95.47885812780362,95.58706793908507,0.1082098112814549,33.00603033039813,32.15782343644163,52.44731417365435,51.92866458725092,408512,1634048,1.25,True
